Date,Income,Actual,Budget,over Budget,% of Budget
July 2011 - June 2012,4000 Contributed Revenue,0,0,0,
July 2011 - June 2012,4040 Special Event Revenue,0,0,0,
July 2011 - June 2012,Auction & Raffle (deleted),"10,454.21",0,"10,454.21",
July 2011 - June 2012,Fall Fundraiser (Chinook) (deleted),"7,733.02",0,"7,733.02",
July 2011 - June 2012,Total 4040 Special Event Revenue,"$18,187.23",$0.00,"$18,187.23",
July 2011 - June 2012,Total 4000 Contributed Revenue,"$18,187.23",$0.00,"$18,187.23",
July 2011 - June 2012,4100 Earned Revenue,0,0,0,
July 2011 - June 2012,4105 Tuition Revenue,0,0,0,
July 2011 - June 2012,4106 Discounts,-989.22,-487,-502.22,203.13%
July 2011 - June 2012,4107 Scholarships,"-14,688.05",0,"-14,688.05",
July 2011 - June 2012,AM Tuition Billings (deleted),"252,509.50","243,500.00","9,009.50",103.70%
July 2011 - June 2012,Board Credits (deleted),"-2,435.00","-2,435.00",0,100.00%
July 2011 - June 2012,Maximum PM Credit (deleted),"-2,402.50",0,"-2,402.50",
July 2011 - June 2012,Spring Break Care (deleted),"2,519.43","1,216.00","1,303.43",207.19%
July 2011 - June 2012,Summer Drop-in Care (deleted),"2,218.80",0,"2,218.80",
July 2011 - June 2012,Summer Tuition (deleted),"10,165.00","21,600.00","-11,435.00",47.06%
July 2011 - June 2012,Teacher Credit (EEF) (deleted),"-2,673.00",0,"-2,673.00",
July 2011 - June 2012,Winter Break Care (deleted),"1,952.98","1,460.00",492.98,133.77%
July 2011 - June 2012,Total 4105 Tuition Revenue,"$246,177.94","$264,854.00","-$18,676.06",92.95%
July 2011 - June 2012,4110 Fees,0,0,0,
July 2011 - June 2012,Earthquake Fees (deleted),510,500,10,102.00%
July 2011 - June 2012,Late Fees - Afternoon (deleted),708.6,0,708.6,
July 2011 - June 2012,Materials Fee (deleted),"7,650.00","7,500.00",150,102.00%
July 2011 - June 2012,Other Fees (deleted),"3,685.00","2,630.00","1,055.00",140.11%
July 2011 - June 2012,Registration Fees (deleted),"2,325.00","1,875.00",450,124.00%
July 2011 - June 2012,Total 4110 Fees,"$14,878.60","$12,505.00","$2,373.60",118.98%
July 2011 - June 2012,4115 Contract Care,"17,294.95",0,"17,294.95",
July 2011 - June 2012,AM Contract Care (deleted),0,"3,119.00","-3,119.00",0.00%
July 2011 - June 2012,Drop-in Care (deleted),0,"6,020.00","-6,020.00",0.00%
July 2011 - June 2012,PM 1 Contract Care (deleted),"74,326.07","70,063.00","4,263.07",106.08%
July 2011 - June 2012,PM 2 Contract Care (deleted),"19,664.08","17,470.00","2,194.08",112.56%
July 2011 - June 2012,Summer PM 1 Contract Care (deleted),"4,294.59","12,510.00","-8,215.41",34.33%
July 2011 - June 2012,Total 4115 Contract Care,"$115,579.69","$109,182.00","$6,397.69",105.86%
July 2011 - June 2012,4125 Investment Income,653.19,0,653.19,
July 2011 - June 2012,4130 Other Income,492.71,0,492.71,
July 2011 - June 2012,General (deleted),"1,350.00",0,"1,350.00",
July 2011 - June 2012,Merchandise Sales (deleted),80,0,80,
July 2011 - June 2012,On-Line Store Sales (deleted),933.89,0,933.89,
July 2011 - June 2012,Total 4100 Earned Revenue,"$380,146.02","$386,541.00","-$6,394.98",98.35%
July 2011 - June 2012,Donations (deleted),0,0,0,
July 2011 - June 2012,"Alumni Letter, Open House (deleted)",767.53,0,767.53,
July 2011 - June 2012,General Fund (deleted),"7,101.39",0,"7,101.39",
July 2011 - June 2012,Teacher Endowment Donations (deleted),215,0,215,
July 2011 - June 2012,Total Donations (deleted),"$8,083.92",$0.00,"$8,083.92",
July 2011 - June 2012,Fundraising,0,0,0,
July 2011 - June 2012,eScrip/iGive Income (deleted),33.18,0,33.18,
July 2011 - June 2012,Yearbook Sales (deleted),71.55,0,71.55,
July 2011 - June 2012,Total Fundraising,$104.73,$0.00,$104.73,
July 2011 - June 2012,Total Income,"$406,521.90","$386,541.00","$19,980.90",105.17%
July 2011 - June 2012,Gross Profit,"$406,521.90","$386,541.00","$19,980.90",105.17%
July 2011 - June 2012,Expenses,,,,
July 2011 - June 2012,5000 Personnel,0,0,0,
July 2011 - June 2012,5005 Management Staff,"4,155.00","4,321.00",-166,96.16%
July 2011 - June 2012,5010 Teachers,"227,057.33","222,809.00","4,248.33",101.91%
July 2011 - June 2012,5015 Substitute Teachers,"10,371.72","3,906.00","6,465.72",265.53%
July 2011 - June 2012,5020 Payroll Taxes,"20,312.05","18,404.00","1,908.05",110.37%
July 2011 - June 2012,5025 Health and Other Benefits,0,0,0,
July 2011 - June 2012,5027 Employee Contributions,"-6,498.42",0,"-6,498.42",
July 2011 - June 2012,5028 Health Benefits,"33,362.35","28,155.00","5,207.35",118.50%
July 2011 - June 2012,5029 Pension Benefits,"4,343.91","4,500.00",-156.09,96.53%
July 2011 - June 2012,Total 5025 Health and Other Benefits,"$31,207.84","$32,655.00","-$1,447.16",95.57%
July 2011 - June 2012,5030 Workers Comp Insurance,"9,392.00",0,"9,392.00",
July 2011 - June 2012,5035 Payroll Service Fees,"2,539.56","2,700.00",-160.44,94.06%
July 2011 - June 2012,5040 Professional Development,0,"3,000.00","-3,000.00",0.00%
July 2011 - June 2012,5045 Vacation Expense,"1,549.56",0,"1,549.56",
July 2011 - June 2012,Bonuses (deleted),"10,018.67",0,"10,018.67",
July 2011 - June 2012,BY Sub (deleted),177.63,"3,906.00","-3,728.37",4.55%
July 2011 - June 2012,EM Sub (deleted),0,782,-782,0.00%
July 2011 - June 2012,FY Sub (deleted),854,"3,906.00","-3,052.00",21.86%
July 2011 - June 2012,Total 5000 Personnel,"$317,635.36","$296,389.00","$21,246.36",107.17%
July 2011 - June 2012,6000 Program,0,0,0,
July 2011 - June 2012,6005 Classroom Supplies,"9,232.26","8,200.00","1,032.26",112.59%
July 2011 - June 2012,6010 Food Allowance,"2,164.02","2,250.00",-85.98,96.18%
July 2011 - June 2012,6015 Enrichment Programs,"3,400.00","3,605.00",-205,94.31%
July 2011 - June 2012,6020 Yard Meetings,500,600,-100,83.33%
July 2011 - June 2012,6025 Diversity,357.84,500,-142.16,71.57%
July 2011 - June 2012,Total 6000 Program,"$15,654.12","$15,155.00",$499.12,103.29%
July 2011 - June 2012,6116 Durable Educational Equipment,330.03,0,330.03,
July 2011 - June 2012,7000 Professional Fees,0,0,0,
July 2011 - June 2012,7005 Accounting,"10,875.00","10,800.00",75,100.69%
July 2011 - June 2012,Total 7000 Professional Fees,"$10,875.00","$10,800.00",$75.00,100.69%
July 2011 - June 2012,8000 Operations,0,0,0,
July 2011 - June 2012,8005 Utilities and Building Services,"7,937.29","7,225.00",712.29,109.86%
July 2011 - June 2012,8010 Janitorial,"10,800.00","10,800.00",0,100.00%
July 2011 - June 2012,8020 Building Maintenance and Repair,"10,429.51","5,150.00","5,279.51",202.51%
July 2011 - June 2012,8030 Office Supplies,"1,992.83","3,175.00","-1,182.17",62.77%
July 2011 - June 2012,8035 Printing and Copying,866.63,"2,000.00","-1,133.37",43.33%
July 2011 - June 2012,8040 Postage and Shipping,14.08,100,-85.92,14.08%
July 2011 - June 2012,8070 Fundraising and Meetings,"2,033.42",0,"2,033.42",
July 2011 - June 2012,Fall Fundraiser,564.59,0,564.59,
July 2011 - June 2012,Merchandise Purchases,891.2,0,891.2,
July 2011 - June 2012,Total 8070 Fundraising and Meetings,"$3,489.21",$0.00,"$3,489.21",
July 2011 - June 2012,8075 Advertising,252.73,500,-247.27,50.55%
July 2011 - June 2012,8080 Insurance,"5,685.01","6,398.00",-712.99,88.86%
July 2011 - June 2012,8085 Event Expenses,"1,584.94",0,"1,584.94",
July 2011 - June 2012,8090 Taxes and Fees,"1,000.58","1,000.00",0.58,100.06%
July 2011 - June 2012,8095 Interest and Bank Charges,48,200,-152,24.00%
July 2011 - June 2012,8105 Board Discretionary,"2,754.90","3,000.00",-245.1,91.83%
July 2011 - June 2012,8115 Misc Expenses,559.51,"1,500.00",-940.49,37.30%
July 2011 - June 2012,Total 8000 Operations,"$47,415.22","$41,048.00","$6,367.22",115.51%
July 2011 - June 2012,Capital Fund Funding,0,"10,000.00","-10,000.00",0.00%
July 2011 - June 2012,Total Expenses,"$391,909.73","$373,392.00","$18,517.73",104.96%
July 2011 - June 2012,Net Operating Income,"$14,612.17","$13,149.00","$1,463.17",111.13%
July 2011 - June 2012,Other Income,,,,
July 2011 - June 2012,8620 Release of Scholarship Reserve (deleted),0,0,0,
July 2011 - June 2012,Total Other Income,$0.00,$0.00,$0.00,
July 2011 - June 2012,Other Expenses,,,,
July 2011 - June 2012,8110 Depreciation,"5,542.00",0,"5,542.00",
July 2011 - June 2012,Other Expense (deleted),0,0,0,
July 2011 - June 2012,Total Other Expenses,"$5,542.00",$0.00,"$5,542.00",
July 2011 - June 2012,Net Other Income,"-$5,542.00",$0.00,"-$5,542.00",
July 2011 - June 2012,Net Income,"$9,070.17","$13,149.00","-$4,078.83",68.98%
July 2012 - June 2013,Income,,,,
July 2012 - June 2013,4000 Contributed Revenue,0,0,0,
July 2012 - June 2013,4040 Special Event Revenue,"3,562.96",0,"3,562.96",
July 2012 - June 2013,Auction & Raffle (deleted),"3,635.91",0,"3,635.91",
July 2012 - June 2013,Fall Fundraiser (Chinook) (deleted),"7,553.33",0,"7,553.33",
July 2012 - June 2013,Spring Fundraiser (deleted),"1,701.05",0,"1,701.05",
July 2012 - June 2013,Total 4040 Special Event Revenue,"$16,453.25",$0.00,"$16,453.25",
July 2012 - June 2013,Total 4000 Contributed Revenue,"$16,453.25",$0.00,"$16,453.25",
July 2012 - June 2013,4100 Earned Revenue,0,0,0,
July 2012 - June 2013,4105 Tuition Revenue,0,0,0,
July 2012 - June 2013,4106 Discounts,-228.15,-497,268.85,45.91%
July 2012 - June 2013,4107 Scholarships,"-10,597.00",0,"-10,597.00",
July 2012 - June 2013,AM Tuition Billings (deleted),"255,622.00","248,500.00","7,122.00",102.87%
July 2012 - June 2013,Board Credits (deleted),"-2,485.00","-2,485.00",0,100.00%
July 2012 - June 2013,Maximum PM Credit (deleted),"-1,544.50",0,"-1,544.50",
July 2012 - June 2013,Spring Break Care (deleted),"2,373.60","1,250.00","1,123.60",189.89%
July 2012 - June 2013,Summer Tuition (deleted),"24,375.00",0,"24,375.00",
July 2012 - June 2013,Teacher Credit (EEF) (deleted),"-3,047.50",0,"-3,047.50",
July 2012 - June 2013,Winter Break Care (deleted),962.4,"1,499.00",-536.6,64.20%
July 2012 - June 2013,Total 4105 Tuition Revenue,"$265,430.85","$248,267.00","$17,163.85",106.91%
July 2012 - June 2013,4110 Fees,0,0,0,
July 2012 - June 2013,Earthquake Fees (deleted),520,500,20,104.00%
July 2012 - June 2013,Late Fees - Afternoon (deleted),885.5,0,885.5,
July 2012 - June 2013,Late Fees - Back Yard (deleted),20,0,20,
July 2012 - June 2013,Materials Fee (deleted),"9,100.00","8,750.00",350,104.00%
July 2012 - June 2013,Other Fees (deleted),725,600,125,120.83%
July 2012 - June 2013,Registration Fees (deleted),"2,775.00","1,875.00",900,148.00%
July 2012 - June 2013,Total 4110 Fees,"$14,025.50","$11,725.00","$2,300.50",119.62%
July 2012 - June 2013,4115 Contract Care,"14,974.40",0,"14,974.40",
July 2012 - June 2013,AM Contract Care (deleted),0,"3,856.00","-3,856.00",0.00%
July 2012 - June 2013,Drop-in Care (deleted),0,"8,800.00","-8,800.00",0.00%
July 2012 - June 2013,PM 1 Contract Care (deleted),"86,244.00","68,080.00","18,164.00",126.68%
July 2012 - June 2013,PM 2 Contract Care (deleted),"26,909.00","17,025.00","9,884.00",158.06%
July 2012 - June 2013,Summer PM 1 Contract Care (deleted),"12,110.75",0,"12,110.75",
July 2012 - June 2013,Total 4115 Contract Care,"$140,238.15","$97,761.00","$42,477.15",143.45%
July 2012 - June 2013,4125 Investment Income,136.65,0,136.65,
July 2012 - June 2013,4130 Other Income,476.78,0,476.78,
July 2012 - June 2013,General (deleted),"4,195.49",0,"4,195.49",
July 2012 - June 2013,On-Line Store Sales (deleted),585,0,585,
July 2012 - June 2013,Scrip Costs (deleted),-470,0,-470,
July 2012 - June 2013,Scrip Income (deleted),500,0,500,
July 2012 - June 2013,Total 4100 Earned Revenue,"$425,118.42","$357,753.00","$67,365.42",118.83%
July 2012 - June 2013,Donations (deleted),0,0,0,
July 2012 - June 2013,"Alumni Letter, Open House (deleted)","1,875.00",0,"1,875.00",
July 2012 - June 2013,General Fund (deleted),"2,459.05",0,"2,459.05",
July 2012 - June 2013,Total Donations (deleted),"$4,334.05",$0.00,"$4,334.05",
July 2012 - June 2013,Fundraising,0,0,0,
July 2012 - June 2013,eScrip/iGive Income (deleted),12.62,0,12.62,
July 2012 - June 2013,Yearbook Sales (deleted),530,0,530,
July 2012 - June 2013,Total Fundraising,$542.62,$0.00,$542.62,
July 2012 - June 2013,Total Income,"$446,448.34","$357,753.00","$88,695.34",124.79%
July 2012 - June 2013,Gross Profit,"$446,448.34","$357,753.00","$88,695.34",124.79%
July 2012 - June 2013,Expenses,,,,
July 2012 - June 2013,5000 Personnel,0,0,0,
July 2012 - June 2013,"4027 Wages, TEF (deleted)","3,426.93",0,"3,426.93",
July 2012 - June 2013,5005 Management Staff,"4,448.70","4,451.00",-2.3,99.95%
July 2012 - June 2013,5010 Teachers,"248,124.98","224,544.00","23,580.98",110.50%
July 2012 - June 2013,5015 Substitute Teachers,"13,356.94","8,562.00","4,794.94",156.00%
July 2012 - June 2013,5020 Payroll Taxes,"22,928.58","20,175.00","2,753.58",113.65%
July 2012 - June 2013,5025 Health and Other Benefits,0,0,0,
July 2012 - June 2013,5027 Employee Contributions,"-7,309.51",0,"-7,309.51",
July 2012 - June 2013,5028 Health Benefits,"36,120.83","30,240.00","5,880.83",119.45%
July 2012 - June 2013,5029 Pension Benefits,"4,654.53","5,040.00",-385.47,92.35%
July 2012 - June 2013,Total 5025 Health and Other Benefits,"$33,465.85","$35,280.00","-$1,814.15",94.86%
July 2012 - June 2013,5030 Workers Comp Insurance,"12,651.00","11,205.00","1,446.00",112.90%
July 2012 - June 2013,5035 Payroll Service Fees,"2,883.28","2,295.00",588.28,125.63%
July 2012 - June 2013,5040 Professional Development,"1,459.99","3,000.00","-1,540.01",48.67%
July 2012 - June 2013,5045 Vacation Expense,"1,514.03",0,"1,514.03",
July 2012 - June 2013,Bonuses (deleted),"9,406.26",0,"9,406.26",
July 2012 - June 2013,BY Sub (deleted),900.6,"1,562.00",-661.4,57.66%
July 2012 - June 2013,EM Sub (deleted),0,314,-314,0.00%
July 2012 - June 2013,FY Sub (deleted),"1,360.96","1,562.00",-201.04,87.13%
July 2012 - June 2013,"Wages, Sabbatical (deleted)","8,033.00",0,"8,033.00",
July 2012 - June 2013,Total 5000 Personnel,"$363,961.10","$312,950.00","$51,011.10",116.30%
July 2012 - June 2013,6000 Program,0,0,0,
July 2012 - June 2013,6005 Classroom Supplies,"8,688.50","8,200.00",488.5,105.96%
July 2012 - June 2013,6010 Food Allowance,"2,509.97","2,250.00",259.97,111.55%
July 2012 - June 2013,6015 Enrichment Programs,"2,600.00","3,605.00","-1,005.00",72.12%
July 2012 - June 2013,6020 Yard Meetings,303.56,600,-296.44,50.59%
July 2012 - June 2013,6025 Diversity,375.2,500,-124.8,75.04%
July 2012 - June 2013,Total 6000 Program,"$14,477.23","$15,155.00",-$677.77,95.53%
July 2012 - June 2013,7000 Professional Fees,0,0,0,
July 2012 - June 2013,7005 Accounting,"10,875.00","10,800.00",75,100.69%
July 2012 - June 2013,Total 7000 Professional Fees,"$10,875.00","$10,800.00",$75.00,100.69%
July 2012 - June 2013,8000 Operations,0,0,0,
July 2012 - June 2013,8005 Utilities and Building Services,"8,127.12","7,997.00",130.12,101.63%
July 2012 - June 2013,8010 Janitorial,"10,800.00","10,800.00",0,100.00%
July 2012 - June 2013,8015 Gardening,608.23,0,608.23,
July 2012 - June 2013,8020 Building Maintenance and Repair,"7,616.33","5,150.00","2,466.33",147.89%
July 2012 - June 2013,8030 Office Supplies,"3,630.75","3,175.00",455.75,114.35%
July 2012 - June 2013,8035 Printing and Copying,988.14,"1,700.00",-711.86,58.13%
July 2012 - June 2013,8040 Postage and Shipping,23.92,85,-61.08,28.14%
July 2012 - June 2013,8070 Fundraising and Meetings,"3,679.71",0,"3,679.71",
July 2012 - June 2013,Fall Fundraiser,544.26,0,544.26,
July 2012 - June 2013,Merchandise Purchases,444.72,0,444.72,
July 2012 - June 2013,Yearbooks,"1,135.82",0,"1,135.82",
July 2012 - June 2013,Total 8070 Fundraising and Meetings,"$5,804.51",$0.00,"$5,804.51",
July 2012 - June 2013,8075 Advertising,118.64,500,-381.36,23.73%
July 2012 - June 2013,8080 Insurance,"5,478.25","6,200.00",-721.75,88.36%
July 2012 - June 2013,8085 Event Expenses,100.11,0,100.11,
July 2012 - June 2013,8090 Taxes and Fees,"1,030.32","1,000.00",30.32,103.03%
July 2012 - June 2013,8095 Interest and Bank Charges,42.38,170,-127.62,24.93%
July 2012 - June 2013,8105 Board Discretionary,"1,919.29","3,000.00","-1,080.71",63.98%
July 2012 - June 2013,8115 Misc Expenses,397.07,"1,250.00",-852.93,31.77%
July 2012 - June 2013,Total 8000 Operations,"$46,685.06","$41,027.00","$5,658.06",113.79%
July 2012 - June 2013,Capital Fund Funding,0,0,0,
July 2012 - June 2013,Total Expenses,"$435,998.39","$379,932.00","$56,066.39",114.76%
July 2012 - June 2013,Net Operating Income,"$10,449.95","-$22,179.00","$32,628.95",-47.12%
July 2012 - June 2013,Other Income,,,,
July 2012 - June 2013,8620 Release of Scholarship Reserve (deleted),0,0,0,
July 2012 - June 2013,Total Other Income,$0.00,$0.00,$0.00,
July 2012 - June 2013,Other Expenses,,,,
July 2012 - June 2013,8110 Depreciation,"5,853.00",0,"5,853.00",
July 2012 - June 2013,Capital Expenses (deleted),0,0,0,
July 2012 - June 2013,Total Other Expenses,"$5,853.00",$0.00,"$5,853.00",
July 2012 - June 2013,Net Other Income,"-$5,853.00",$0.00,"-$5,853.00",
July 2012 - June 2013,Net Income,"$4,596.95","-$22,179.00","$26,775.95",-20.73%
July 2013 - June 2014,Income,,,,
July 2013 - June 2014,4000 Contributed Revenue,0,0,0,
July 2013 - June 2014,4020 Individual Contributions,"3,740.00",0,"3,740.00",
July 2013 - June 2014,4040 Special Event Revenue,"2,296.51","3,150.00",-853.49,72.91%
July 2013 - June 2014,Auction & Raffle (deleted),"6,473.38","5,500.00",973.38,117.70%
July 2013 - June 2014,Fall Fundraiser (Chinook) (deleted),"6,375.56","7,500.00","-1,124.44",85.01%
July 2013 - June 2014,Spring Fundraiser (deleted),0,"2,000.00","-2,000.00",0.00%
July 2013 - June 2014,Total 4040 Special Event Revenue,"$15,145.45","$18,150.00","-$3,004.55",83.45%
July 2013 - June 2014,Total 4000 Contributed Revenue,"$18,885.45","$18,150.00",$735.45,104.05%
July 2013 - June 2014,4100 Earned Revenue,0,0,0,
July 2013 - June 2014,4105 Tuition Revenue,0,0,0,
July 2013 - June 2014,4106 Discounts,"-1,861.80","-1,014.00",-847.8,183.61%
July 2013 - June 2014,4107 Scholarships,"-18,163.00","-15,000.00","-3,163.00",121.09%
July 2013 - June 2014,AM Tuition Billings (deleted),"262,626.00","253,500.00","9,126.00",103.60%
July 2013 - June 2014,Board Credits (deleted),"-2,535.00","-2,585.00",50,98.07%
July 2013 - June 2014,Maximum PM Credit (deleted),"-2,862.00",0,"-2,862.00",
July 2013 - June 2014,Spring Break Care (deleted),"2,792.00","1,566.00","1,226.00",178.29%
July 2013 - June 2014,Summer Drop-in Care (deleted),193.6,0,193.6,
July 2013 - June 2014,Summer Tuition (deleted),"27,225.00","26,136.00","1,089.00",104.17%
July 2013 - June 2014,Teacher Credit (EEF) (deleted),-544.5,0,-544.5,
July 2013 - June 2014,Winter Break Care (deleted),"1,226.40","1,566.00",-339.6,78.31%
July 2013 - June 2014,Total 4105 Tuition Revenue,"$268,096.70","$264,169.00","$3,927.70",101.49%
July 2013 - June 2014,4110 Fees,0,0,0,
July 2013 - June 2014,Earthquake Fees (deleted),520,520,0,100.00%
July 2013 - June 2014,Late Fees - Afternoon (deleted),520,0,520,
July 2013 - June 2014,Materials Fee (deleted),"9,100.00","9,100.00",0,100.00%
July 2013 - June 2014,Other Fees (deleted),"4,452.50","2,105.00","2,347.50",211.52%
July 2013 - June 2014,Registration Fees (deleted),"2,700.00",0,"2,700.00",
July 2013 - June 2014,Total 4110 Fees,"$17,292.50","$11,725.00","$5,567.50",147.48%
July 2013 - June 2014,4115 Contract Care,"13,144.66",0,"13,144.66",
July 2013 - June 2014,AM Contract Care (deleted),0,"3,933.00","-3,933.00",0.00%
July 2013 - June 2014,Drop-in Care (deleted),0,"8,980.00","-8,980.00",0.00%
July 2013 - June 2014,PM 1 Contract Care (deleted),"105,174.68","77,924.00","27,250.68",134.97%
July 2013 - June 2014,PM 2 Contract Care (deleted),"31,278.00","15,150.00","16,128.00",206.46%
July 2013 - June 2014,Summer PM 1 Contract Care (deleted),"13,070.00","16,386.00","-3,316.00",79.76%
July 2013 - June 2014,Total 4115 Contract Care,"$162,667.34","$122,373.00","$40,294.34",132.93%
July 2013 - June 2014,4125 Investment Income,122.33,0,122.33,
July 2013 - June 2014,4130 Other Income,169.32,0,169.32,
July 2013 - June 2014,General (deleted),"1,608.50","3,500.00","-1,891.50",45.96%
July 2013 - June 2014,On-Line Store Sales (deleted),745,600,145,124.17%
July 2013 - June 2014,Total 4100 Earned Revenue,"$450,701.69","$402,367.00","$48,334.69",112.01%
July 2013 - June 2014,Donations (deleted),0,0,0,
July 2013 - June 2014,"Donations, Staff Gifts (deleted)","3,740.00",0,"3,740.00",
July 2013 - June 2014,General Fund (deleted),880,0,880,
July 2013 - June 2014,Teacher Endowment Donations (deleted),"1,230.00",0,"1,230.00",
July 2013 - June 2014,Total Donations (deleted),"$5,850.00",$0.00,"$5,850.00",
July 2013 - June 2014,Fundraising,0,0,0,
July 2013 - June 2014,eScrip/iGive Income (deleted),152.62,0,152.62,
July 2013 - June 2014,Yearbook Sales (deleted),571,"1,200.00",-629,47.58%
July 2013 - June 2014,Total Fundraising,$723.62,"$1,200.00",-$476.38,60.30%
July 2013 - June 2014,"Income, Staff Gifts (deleted)","-3,740.00",0,"-3,740.00",
July 2013 - June 2014,Total Income,"$472,420.76","$421,717.00","$50,703.76",112.02%
July 2013 - June 2014,Gross Profit,"$472,420.76","$421,717.00","$50,703.76",112.02%
July 2013 - June 2014,Expenses,,,,
July 2013 - June 2014,5000 Personnel,0,0,0,
July 2013 - June 2014,5005 Management Staff,"4,578.60","4,584.00",-5.4,99.88%
July 2013 - June 2014,5010 Teachers,"277,940.38","256,528.00","21,412.38",108.35%
July 2013 - June 2014,5015 Substitute Teachers,"10,931.37","13,000.00","-2,068.63",84.09%
July 2013 - June 2014,5020 Payroll Taxes,"24,140.08","22,735.00","1,405.08",106.18%
July 2013 - June 2014,5025 Health and Other Benefits,0,0,0,
July 2013 - June 2014,5027 Employee Contributions,"-7,533.32","-6,930.00",-603.32,108.71%
July 2013 - June 2014,5028 Health Benefits,"39,373.40","42,766.00","-3,392.60",92.07%
July 2013 - June 2014,5029 Pension Benefits,"4,482.14","4,484.00",-1.86,99.96%
July 2013 - June 2014,Total 5025 Health and Other Benefits,"$36,322.22","$40,320.00","-$3,997.78",90.08%
July 2013 - June 2014,5030 Workers Comp Insurance,"10,748.00","12,750.00","-2,002.00",84.30%
July 2013 - June 2014,5035 Payroll Service Fees,"2,843.41","3,000.00",-156.59,94.78%
July 2013 - June 2014,5040 Professional Development,6.46,"3,000.00","-2,993.54",0.22%
July 2013 - June 2014,5045 Vacation Expense,"-3,156.20",0,"-3,156.20",
July 2013 - June 2014,Bonuses (deleted),"9,000.00",0,"9,000.00",
July 2013 - June 2014,BY Sub (deleted),264.01,"1,500.00","-1,235.99",17.60%
July 2013 - June 2014,FY Sub (deleted),647.63,"1,500.00",-852.37,43.18%
July 2013 - June 2014,Total 5000 Personnel,"$374,265.96","$358,917.00","$15,348.96",104.28%
July 2013 - June 2014,6000 Program,0,0,0,
July 2013 - June 2014,6005 Classroom Supplies,"8,249.43","8,900.00",-650.57,92.69%
July 2013 - June 2014,6010 Food Allowance,"2,693.67","2,250.00",443.67,119.72%
July 2013 - June 2014,6015 Enrichment Programs,"2,200.00","3,605.00","-1,405.00",61.03%
July 2013 - June 2014,6020 Yard Meetings,500,600,-100,83.33%
July 2013 - June 2014,6025 Diversity,513.51,500,13.51,102.70%
July 2013 - June 2014,Total 6000 Program,"$14,156.61","$15,855.00","-$1,698.39",89.29%
July 2013 - June 2014,7000 Professional Fees,0,0,0,
July 2013 - June 2014,7005 Accounting,"11,100.00","10,800.00",300,102.78%
July 2013 - June 2014,Total 7000 Professional Fees,"$11,100.00","$10,800.00",$300.00,102.78%
July 2013 - June 2014,8000 Operations,0,0,0,
July 2013 - June 2014,8005 Utilities and Building Services,"8,369.21","8,197.00",172.21,102.10%
July 2013 - June 2014,8010 Janitorial,"10,800.00","10,800.00",0,100.00%
July 2013 - June 2014,8015 Gardening,109.86,0,109.86,
July 2013 - June 2014,8020 Building Maintenance and Repair,"5,622.61","5,150.00",472.61,109.18%
July 2013 - June 2014,8030 Office Supplies,"7,568.24","3,175.00","4,393.24",238.37%
July 2013 - June 2014,8035 Printing and Copying,793.94,"1,000.00",-206.06,79.39%
July 2013 - June 2014,8040 Postage and Shipping,53.76,120,-66.24,44.80%
July 2013 - June 2014,8070 Fundraising and Meetings,678.78,"4,900.00","-4,221.22",13.85%
July 2013 - June 2014,Fall Fundraiser,123.95,550,-426.05,22.54%
July 2013 - June 2014,Merchandise Purchases,389.13,500,-110.87,77.83%
July 2013 - June 2014,Yearbooks,"1,146.68","1,200.00",-53.32,95.56%
July 2013 - June 2014,Total 8070 Fundraising and Meetings,"$2,338.54","$7,150.00","-$4,811.46",32.71%
July 2013 - June 2014,8080 Insurance,"5,688.26",0,"5,688.26",
July 2013 - June 2014,8085 Event Expenses,999.8,300,699.8,333.27%
July 2013 - June 2014,8090 Taxes and Fees,"1,059.78","1,000.00",59.78,105.98%
July 2013 - June 2014,8095 Interest and Bank Charges,20,120,-100,16.67%
July 2013 - June 2014,8105 Board Discretionary,"1,100.57","3,000.00","-1,899.43",36.69%
July 2013 - June 2014,8115 Misc Expenses,816.31,"1,260.00",-443.69,64.79%
July 2013 - June 2014,Total 8000 Operations,"$45,340.88","$41,272.00","$4,068.88",109.86%
July 2013 - June 2014,Total Expenses,"$444,863.45","$426,844.00","$18,019.45",104.22%
July 2013 - June 2014,Net Operating Income,"$27,557.31","-$5,127.00","$32,684.31",-537.49%
July 2013 - June 2014,Other Expenses,,,,
July 2013 - June 2014,8110 Depreciation,"7,606.00",0,"7,606.00",
July 2013 - June 2014,Capital Expenses (deleted),0,"10,000.00","-10,000.00",0.00%
July 2013 - June 2014,Other Expense (deleted),0,0,0,
July 2013 - June 2014,Total Other Expenses,"$7,606.00","$10,000.00","-$2,394.00",76.06%
July 2013 - June 2014,Net Other Income,"-$7,606.00","-$10,000.00","$2,394.00",76.06%
July 2013 - June 2014,Net Income,"$19,951.31","-$15,127.00","$35,078.31",-131.89%
July 2014 - June 2015,Income,,,,
July 2014 - June 2015,4000 Contributed Revenue,0,0,0,
July 2014 - June 2015,4020 Individual Contributions,"2,485.00",0,"2,485.00",
July 2014 - June 2015,4040 Special Event Revenue,"2,946.56","4,500.00","-1,553.44",65.48%
July 2014 - June 2015,Auction & Raffle (deleted),"8,895.36","6,500.00","2,395.36",136.85%
July 2014 - June 2015,Co-Branding Fundraisers (deleted),"1,291.43",0,"1,291.43",
July 2014 - June 2015,Fall Fundraiser (Chinook) (deleted),0,"7,500.00","-7,500.00",0.00%
July 2014 - June 2015,Pledge Drive/Hop-a-thon (deleted),"6,106.36",0,"6,106.36",
July 2014 - June 2015,Rummage Sale (deleted),"3,560.33",0,"3,560.33",
July 2014 - June 2015,Spring Fundraiser (deleted),0,"2,000.00","-2,000.00",0.00%
July 2014 - June 2015,Total 4040 Special Event Revenue,"$22,800.04","$20,500.00","$2,300.04",111.22%
July 2014 - June 2015,Total 4000 Contributed Revenue,"$25,285.04","$20,500.00","$4,785.04",123.34%
July 2014 - June 2015,4100 Earned Revenue,0,0,0,
July 2014 - June 2015,4105 Tuition Revenue,0,0,0,
July 2014 - June 2015,4106 Discounts,"-2,302.38","-1,036.00","-1,266.38",222.24%
July 2014 - June 2015,4107 Scholarships,"-17,283.63","-18,000.00",716.37,96.02%
July 2014 - June 2015,AM Tuition Billings (deleted),"268,349.90","259,000.00","9,349.90",103.61%
July 2014 - June 2015,Board Credits (deleted),"-2,590.00","-2,590.00",0,100.00%
July 2014 - June 2015,Forfeited Deposits (deleted),497,0,497,
July 2014 - June 2015,Maximum PM Credit (deleted),-536,0,-536,
July 2014 - June 2015,Spring Break Care (deleted),"2,913.03","1,267.00","1,646.03",229.92%
July 2014 - June 2015,Summer Drop-in Care (deleted),"1,927.50",0,"1,927.50",
July 2014 - June 2015,Summer Tuition (deleted),"35,868.00","27,450.00","8,418.00",130.67%
July 2014 - June 2015,Winter Break Care (deleted),"1,472.40","1,341.00",131.4,109.80%
July 2014 - June 2015,Total 4105 Tuition Revenue,"$288,315.82","$267,432.00","$20,883.82",107.81%
July 2014 - June 2015,4110 Fees,0,0,0,
July 2014 - June 2015,Earthquake Fees (deleted),520,500,20,104.00%
July 2014 - June 2015,Late Fees - Afternoon (deleted),20,0,20,
July 2014 - June 2015,Materials Fee (deleted),"9,100.00","8,750.00",350,104.00%
July 2014 - June 2015,Other Fees (deleted),"1,966.47",0,"1,966.47",
July 2014 - June 2015,Registration Fees (deleted),"2,380.00","1,875.00",505,126.93%
July 2014 - June 2015,Total 4110 Fees,"$13,986.47","$11,125.00","$2,861.47",125.72%
July 2014 - June 2015,4115 Contract Care,"13,512.50",0,"13,512.50",
July 2014 - June 2015,AM Contract Care (deleted),0,"4,023.00","-4,023.00",0.00%
July 2014 - June 2015,Drop-in Care (deleted),0,"9,250.00","-9,250.00",0.00%
July 2014 - June 2015,PM 1 Contract Care (deleted),"97,613.72","88,506.00","9,107.72",110.29%
July 2014 - June 2015,PM 2 Contract Care (deleted),"27,378.45","21,456.00","5,922.45",127.60%
July 2014 - June 2015,Summer PM 1 Contract Care (deleted),"18,908.00","14,250.00","4,658.00",132.69%
July 2014 - June 2015,Summer PM 2 Contract Care (deleted),"3,695.20","2,513.00","1,182.20",147.04%
July 2014 - June 2015,Total 4115 Contract Care,"$161,107.87","$139,998.00","$21,109.87",115.08%
July 2014 - June 2015,4125 Investment Income,195.64,0,195.64,
July 2014 - June 2015,General (deleted),"1,393.21","1,000.00",393.21,139.32%
July 2014 - June 2015,On-Line Store Sales (deleted),254,750,-496,33.87%
July 2014 - June 2015,Scrip Costs (deleted),"-7,008.00",0,"-7,008.00",
July 2014 - June 2015,Scrip Income (deleted),"7,340.00",0,"7,340.00",
July 2014 - June 2015,Total 4100 Earned Revenue,"$465,585.01","$420,305.00","$45,280.01",110.77%
July 2014 - June 2015,Donations (deleted),0,0,0,
July 2014 - June 2015,"Donations, Staff Gifts (deleted)",111,0,111,
July 2014 - June 2015,General Fund (deleted),"2,142.00",0,"2,142.00",
July 2014 - June 2015,Total Donations (deleted),"$2,253.00",$0.00,"$2,253.00",
July 2014 - June 2015,Fundraising,0,0,0,
July 2014 - June 2015,eScrip/iGive Income (deleted),217.08,0,217.08,
July 2014 - June 2015,Yearbook Sales (deleted),"1,274.00","1,200.00",74,106.17%
July 2014 - June 2015,Total Fundraising,"$1,491.08","$1,200.00",$291.08,124.26%
July 2014 - June 2015,Total Income,"$494,614.13","$442,005.00","$52,609.13",111.90%
July 2014 - June 2015,Gross Profit,"$494,614.13","$442,005.00","$52,609.13",111.90%
July 2014 - June 2015,Expenses,,,,
July 2014 - June 2015,5000 Personnel,0,0,0,
July 2014 - June 2015,5005 Management Staff,"4,715.88","4,550.00",165.88,103.65%
July 2014 - June 2015,5010 Teachers,"285,470.68","260,386.00","25,084.68",109.63%
July 2014 - June 2015,5015 Substitute Teachers,"7,534.23","11,562.00","-4,027.77",65.16%
July 2014 - June 2015,5020 Payroll Taxes,"25,384.48","22,804.00","2,580.48",111.32%
July 2014 - June 2015,5025 Health and Other Benefits,0,0,0,
July 2014 - June 2015,5027 Employee Contributions,"-7,172.04","-6,840.00",-332.04,104.85%
July 2014 - June 2015,5028 Health Benefits,"38,049.01","42,677.86","-4,628.85",89.15%
July 2014 - June 2015,5029 Pension Benefits,"4,554.54","4,482.14",72.4,101.62%
July 2014 - June 2015,Total 5025 Health and Other Benefits,"$35,431.51","$40,320.00","-$4,888.49",87.88%
July 2014 - June 2015,5030 Workers Comp Insurance,"13,505.00",0,"13,505.00",
July 2014 - June 2015,5035 Payroll Service Fees,"2,873.68","3,000.00",-126.32,95.79%
July 2014 - June 2015,5040 Professional Development,"1,327.20","3,000.00","-1,672.80",44.24%
July 2014 - June 2015,5045 Vacation Expense,"2,763.70",0,"2,763.70",
July 2014 - June 2015,Bonuses (deleted),"16,000.00",0,"16,000.00",
July 2014 - June 2015,BY Sub (deleted),"1,237.13","1,562.00",-324.87,79.20%
July 2014 - June 2015,EEF Bonuses (deleted),0,0,0,
July 2014 - June 2015,EM Sub (deleted),0,314,-314,0.00%
July 2014 - June 2015,FY Sub (deleted),"1,146.75","1,562.00",-415.25,73.42%
July 2014 - June 2015,Total 5000 Personnel,"$397,390.24","$349,060.00","$48,330.24",113.85%
July 2014 - June 2015,6000 Program,0,0,0,
July 2014 - June 2015,6005 Classroom Supplies,"10,162.66","8,900.00","1,262.66",114.19%
July 2014 - June 2015,6010 Food Allowance,"1,100.83","2,500.00","-1,399.17",44.03%
July 2014 - June 2015,6015 Enrichment Programs,"1,698.00","3,605.00","-1,907.00",47.10%
July 2014 - June 2015,6020 Yard Meetings,674.29,600,74.29,112.38%
July 2014 - June 2015,6025 Diversity,49.3,500,-450.7,9.86%
July 2014 - June 2015,Total 6000 Program,"$13,685.08","$16,105.00","-$2,419.92",84.97%
July 2014 - June 2015,7000 Professional Fees,0,0,0,
July 2014 - June 2015,7005 Accounting,"11,100.00","10,800.00",300,102.78%
July 2014 - June 2015,Total 7000 Professional Fees,"$11,100.00","$10,800.00",$300.00,102.78%
July 2014 - June 2015,8000 Operations,0,0,0,
July 2014 - June 2015,8005 Utilities and Building Services,"8,494.14","8,220.00",274.14,103.34%
July 2014 - June 2015,8010 Janitorial,"10,800.00","10,800.00",0,100.00%
July 2014 - June 2015,8015 Gardening,465.15,200,265.15,232.58%
July 2014 - June 2015,8020 Building Maintenance and Repair,"4,692.55","5,150.00",-457.45,91.12%
July 2014 - June 2015,8030 Office Supplies,"6,253.82","3,175.00","3,078.82",196.97%
July 2014 - June 2015,8035 Printing and Copying,"1,328.39","1,100.00",228.39,120.76%
July 2014 - June 2015,8040 Postage and Shipping,52.08,100,-47.92,52.08%
July 2014 - June 2015,8070 Fundraising and Meetings,659.93,"4,900.00","-4,240.07",13.47%
July 2014 - June 2015,Fall Fundraiser,0,550,-550,0.00%
July 2014 - June 2015,Merchandise Purchases,504.14,500,4.14,100.83%
July 2014 - June 2015,Yearbooks,"1,278.96","1,200.00",78.96,106.58%
July 2014 - June 2015,Total 8070 Fundraising and Meetings,"$2,443.03","$7,150.00","-$4,706.97",34.17%
July 2014 - June 2015,8075 Advertising,540.85,500,40.85,108.17%
July 2014 - June 2015,8080 Insurance,"5,600.64","5,700.00",-99.36,98.26%
July 2014 - June 2015,8085 Event Expenses,"1,177.58",300,877.58,392.53%
July 2014 - June 2015,8090 Taxes and Fees,"1,237.72","1,000.00",237.72,123.77%
July 2014 - June 2015,8095 Interest and Bank Charges,50,100,-50,50.00%
July 2014 - June 2015,8105 Board Discretionary,"4,160.89","3,000.00","1,160.89",138.70%
July 2014 - June 2015,8115 Misc Expenses,883.03,"1,200.00",-316.97,73.59%
July 2014 - June 2015,Total 8000 Operations,"$48,179.87","$47,695.00",$484.87,101.02%
July 2014 - June 2015,Total Expenses,"$470,355.19","$423,660.00","$46,695.19",111.02%
July 2014 - June 2015,Net Operating Income,"$24,258.94","$18,345.00","$5,913.94",132.24%
July 2014 - June 2015,Other Expenses,,,,
July 2014 - June 2015,8110 Depreciation,"8,028.00",0,"8,028.00",
July 2014 - June 2015,Capital Expenses (deleted),0,"5,000.00","-5,000.00",0.00%
July 2014 - June 2015,Other Expense (deleted),0,0,0,
July 2014 - June 2015,Total Other Expenses,"$8,028.00","$5,000.00","$3,028.00",160.56%
July 2014 - June 2015,Net Other Income,"-$8,028.00","-$5,000.00","-$3,028.00",160.56%
July 2014 - June 2015,Net Income,"$16,230.94","$13,345.00","$2,885.94",121.63%
July 2015 - June 2016,Income,,,,
July 2015 - June 2016,4000 Contributed Revenue,0,0,0,
July 2015 - June 2016,4020 Individual Contributions,"4,310.00",0,"4,310.00",
July 2015 - June 2016,4040 Special Event Revenue,467,"4,000.00","-3,533.00",11.68%
July 2015 - June 2016,Auction & Raffle (deleted),"8,184.94","8,200.00",-15.06,99.82%
July 2015 - June 2016,Co-Branding Fundraisers (deleted),156.43,"2,000.00","-1,843.57",7.82%
July 2015 - June 2016,Fall Fundraiser (Chinook) (deleted),"2,604.00",0,"2,604.00",
July 2015 - June 2016,Pledge Drive/Hop-a-thon (deleted),"9,585.50","7,000.00","2,585.50",136.94%
July 2015 - June 2016,Rummage Sale (deleted),0,0,0,
July 2015 - June 2016,Spring Fundraiser (deleted),243.14,0,243.14,
July 2015 - June 2016,Total 4040 Special Event Revenue,"$21,241.01","$21,200.00",$41.01,100.19%
July 2015 - June 2016,Total 4000 Contributed Revenue,"$25,551.01","$21,200.00","$4,351.01",120.52%
July 2015 - June 2016,4100 Earned Revenue,0,0,0,
July 2015 - June 2016,4105 Tuition Revenue,"1,907.85",0,"1,907.85",
July 2015 - June 2016,4106 Discounts,"-2,045.60","-2,000.00",-45.6,102.28%
July 2015 - June 2016,4107 Scholarships,"-11,815.45","-18,000.00","6,184.55",65.64%
July 2015 - June 2016,AM Tuition Billings (deleted),"277,568.00","284,382.00","-6,814.00",97.60%
July 2015 - June 2016,Board Credits (deleted),"-5,490.00","-2,745.00","-2,745.00",200.00%
July 2015 - June 2016,Contingency (deleted),0,"-9,518.00","9,518.00",0.00%
July 2015 - June 2016,Spring Break Care (deleted),"3,203.45","1,414.00","1,789.45",226.55%
July 2015 - June 2016,Summer Drop-in Care (deleted),"1,350.50","1,588.00",-237.5,85.04%
July 2015 - June 2016,Summer Tuition (deleted),"42,870.00","35,991.00","6,879.00",119.11%
July 2015 - June 2016,Winter Break Care (deleted),0,"1,485.00","-1,485.00",0.00%
July 2015 - June 2016,Total 4105 Tuition Revenue,"$307,548.75","$292,597.00","$14,951.75",105.11%
July 2015 - June 2016,4110 Fees,0,0,0,
July 2015 - June 2016,Earthquake Fees (deleted),520,520,0,100.00%
July 2015 - June 2016,Late Fees - Afternoon (deleted),80,0,80,
July 2015 - June 2016,Materials Fee (deleted),"9,100.00","9,100.00",0,100.00%
July 2015 - June 2016,Other Fees (deleted),"1,165.00",500,665,233.00%
July 2015 - June 2016,Registration Fees (deleted),"2,175.00","2,000.00",175,108.75%
July 2015 - June 2016,Total 4110 Fees,"$13,040.00","$12,120.00",$920.00,107.59%
July 2015 - June 2016,4115 Contract Care,"25,359.25",0,"25,359.25",
July 2015 - June 2016,AM Contract Care (deleted),0,"4,770.00","-4,770.00",0.00%
July 2015 - June 2016,Drop-in Care (deleted),0,"7,462.00","-7,462.00",0.00%
July 2015 - June 2016,PM 1 Contract Care (deleted),"77,293.50","99,638.00","-22,344.50",77.57%
July 2015 - June 2016,PM 2 Contract Care (deleted),"18,587.20","29,677.00","-11,089.80",62.63%
July 2015 - June 2016,Summer PM 1 Contract Care (deleted),"14,161.00","16,963.00","-2,802.00",83.48%
July 2015 - June 2016,Summer PM 2 Contract Care (deleted),"3,397.00","3,182.00",215,106.76%
July 2015 - June 2016,Total 4115 Contract Care,"$138,797.95","$161,692.00","-$22,894.05",85.84%
July 2015 - June 2016,4125 Investment Income,70.55,150,-79.45,47.03%
July 2015 - June 2016,4130 Other Income,506.71,0,506.71,
July 2015 - June 2016,General (deleted),"1,301.73","1,000.00",301.73,130.17%
July 2015 - June 2016,On-Line Store Sales (deleted),945,250,695,378.00%
July 2015 - June 2016,Total 4100 Earned Revenue,"$462,210.69","$467,809.00","-$5,598.31",98.80%
July 2015 - June 2016,Donations (deleted),0,0,0,
July 2015 - June 2016,General Fund (deleted),"2,380.00",0,"2,380.00",
July 2015 - June 2016,Total Donations (deleted),"$2,380.00",$0.00,"$2,380.00",
July 2015 - June 2016,Fundraising,0,0,0,
July 2015 - June 2016,eScrip/iGive Income (deleted),148.05,200,-51.95,74.03%
July 2015 - June 2016,Yearbook Sales (deleted),200,"1,200.00","-1,000.00",16.67%
July 2015 - June 2016,Total Fundraising,$348.05,"$1,400.00","-$1,051.95",24.86%
July 2015 - June 2016,Total Income,"$490,489.75","$490,409.00",$80.75,100.02%
July 2015 - June 2016,Gross Profit,"$490,489.75","$490,409.00",$80.75,100.02%
July 2015 - June 2016,Expenses,,,,
July 2015 - June 2016,5000 Personnel,0,0,0,
July 2015 - June 2016,5005 Management Staff,"5,240.70","5,046.00",194.7,103.86%
July 2015 - June 2016,5010 Teachers,"310,264.81","312,591.00","-2,326.19",99.26%
July 2015 - June 2016,5015 Substitute Teachers,"13,450.45","6,067.00","7,383.45",221.70%
July 2015 - June 2016,5020 Payroll Taxes,"27,008.24","29,037.00","-2,028.76",93.01%
July 2015 - June 2016,5025 Health and Other Benefits,0,0,0,
July 2015 - June 2016,5026 Benefits Opt-Out,"4,816.08",0,"4,816.08",
July 2015 - June 2016,5027 Employee Contributions,"-7,682.53","-7,236.00",-446.53,106.17%
July 2015 - June 2016,5028 Health Benefits,"42,397.67","43,440.00","-1,042.33",97.60%
July 2015 - June 2016,"Benefits Opt-Out, Retroactive (deleted)","39,176.73",0,"39,176.73",
July 2015 - June 2016,Total 5028 Health Benefits,"$81,574.40","$43,440.00","$38,134.40",187.79%
July 2015 - June 2016,5029 Pension Benefits,"3,340.56","4,368.00","-1,027.44",76.48%
July 2015 - June 2016,Total 5025 Health and Other Benefits,"$82,048.51","$40,572.00","$41,476.51",202.23%
July 2015 - June 2016,5030 Workers Comp Insurance,"13,764.00","14,000.00",-236,98.31%
July 2015 - June 2016,5035 Payroll Service Fees,"3,469.61","3,000.00",469.61,115.65%
July 2015 - June 2016,5040 Professional Development,"1,459.28","3,000.00","-1,540.72",48.64%
July 2015 - June 2016,5045 Vacation Expense,"4,107.41",0,"4,107.41",
July 2015 - June 2016,BY Sub (deleted),87.74,"1,948.00","-1,860.26",4.50%
July 2015 - June 2016,EEF Bonuses (deleted),"2,380.66",0,"2,380.66",
July 2015 - June 2016,FY Sub (deleted),365.33,"1,345.00",-979.67,27.16%
July 2015 - June 2016,Total 5000 Personnel,"$463,646.74","$416,606.00","$47,040.74",111.29%
July 2015 - June 2016,6000 Program,0,0,0,
July 2015 - June 2016,6005 Classroom Supplies,"10,759.01","8,900.00","1,859.01",120.89%
July 2015 - June 2016,6010 Food Allowance,"2,623.79","2,500.00",123.79,104.95%
July 2015 - June 2016,6015 Enrichment Programs,"3,130.00","3,605.00",-475,86.82%
July 2015 - June 2016,6020 Yard Meetings,920.59,600,320.59,153.43%
July 2015 - June 2016,6025 Diversity,500,500,0,100.00%
July 2015 - June 2016,Total 6000 Program,"$17,933.39","$16,105.00","$1,828.39",111.35%
July 2015 - June 2016,6116 Durable Educational Equipment,307.8,0,307.8,
July 2015 - June 2016,7000 Professional Fees,0,0,0,
July 2015 - June 2016,7005 Accounting,"12,900.00","12,300.00",600,104.88%
July 2015 - June 2016,Total 7000 Professional Fees,"$12,900.00","$12,300.00",$600.00,104.88%
July 2015 - June 2016,8000 Operations,0,0,0,
July 2015 - June 2016,8005 Utilities and Building Services,"7,986.49","8,220.00",-233.51,97.16%
July 2015 - June 2016,8010 Janitorial,"10,800.00","10,800.00",0,100.00%
July 2015 - June 2016,8015 Gardening,0,500,-500,0.00%
July 2015 - June 2016,8020 Building Maintenance and Repair,"2,690.27","4,650.00","-1,959.73",57.86%
July 2015 - June 2016,8030 Office Supplies,"3,957.39","3,175.00",782.39,124.64%
July 2015 - June 2016,8035 Printing and Copying,503.74,"1,200.00",-696.26,41.98%
July 2015 - June 2016,8040 Postage and Shipping,0,100,-100,0.00%
July 2015 - June 2016,8061 Personnel Committee Expenses,705.23,0,705.23,
July 2015 - June 2016,8070 Fundraising and Meetings,79.9,600,-520.1,13.32%
July 2015 - June 2016,Merchandise Purchases,"1,980.89",500,"1,480.89",396.18%
July 2015 - June 2016,Yearbooks,17.85,"1,200.00","-1,182.15",1.49%
July 2015 - June 2016,Total 8070 Fundraising and Meetings,"$2,078.64","$2,300.00",-$221.36,90.38%
July 2015 - June 2016,8075 Advertising,"1,338.06",800,538.06,167.26%
July 2015 - June 2016,8080 Insurance,"5,701.75","5,900.00",-198.25,96.64%
July 2015 - June 2016,8085 Event Expenses,916.86,"2,200.00","-1,283.14",41.68%
July 2015 - June 2016,8090 Taxes and Fees,"1,124.38","1,250.00",-125.62,89.95%
July 2015 - June 2016,8095 Interest and Bank Charges,20,100,-80,20.00%
July 2015 - June 2016,8105 Board Discretionary,"1,347.69","3,000.00","-1,652.31",44.92%
July 2015 - June 2016,8115 Misc Expenses,928.93,"1,200.00",-271.07,77.41%
July 2015 - June 2016,Total 8000 Operations,"$40,099.43","$45,395.00","-$5,295.57",88.33%
July 2015 - June 2016,"Payroll Taxes, Retro Opt-Out (deleted)","2,997.03",0,"2,997.03",
July 2015 - June 2016,Total Expenses,"$537,884.39","$490,406.00","$47,478.39",109.68%
July 2015 - June 2016,Net Operating Income,"-$47,394.64",$3.00,"-$47,397.64",-1579821.33%
July 2015 - June 2016,Other Expenses,,,,
July 2015 - June 2016,8110 Depreciation,"8,224.00",0,"8,224.00",
July 2015 - June 2016,Capital Expenses (deleted),0.45,0,0.45,
July 2015 - June 2016,Total Other Expenses,"$8,224.45",$0.00,"$8,224.45",
July 2015 - June 2016,Net Other Income,"-$8,224.45",$0.00,"-$8,224.45",
July 2015 - June 2016,Net Income,"-$55,619.09",$3.00,"-$55,622.09",-1853969.67%
July 2016 - June 2017,Income,,,,
July 2016 - June 2017,4000 Contributed Revenue,0,0,0,
July 2016 - June 2017,4020 Individual Contributions,"4,600.80",0,"4,600.80",
July 2016 - June 2017,4030 Corporate Contributions,"1,250.00",0,"1,250.00",
July 2016 - June 2017,4040 Special Event Revenue,611.39,"2,000.00","-1,388.61",30.57%
July 2016 - June 2017,Auction & Raffle (deleted),"7,721.42","7,000.00",721.42,110.31%
July 2016 - June 2017,Co-Branding Fundraisers (deleted),0,300,-300,0.00%
July 2016 - June 2017,Fall Fundraiser (Chinook) (deleted),"2,500.00","3,500.00","-1,000.00",71.43%
July 2016 - June 2017,Pledge Drive/Hop-a-thon (deleted),"4,342.93","7,000.00","-2,657.07",62.04%
July 2016 - June 2017,Spring Fundraiser (deleted),0,600,-600,0.00%
July 2016 - June 2017,Total 4040 Special Event Revenue,"$15,175.74","$20,400.00","-$5,224.26",74.39%
July 2016 - June 2017,Total 4000 Contributed Revenue,"$21,026.54","$20,400.00",$626.54,103.07%
July 2016 - June 2017,4100 Earned Revenue,0,0,0,
July 2016 - June 2017,4105 Tuition Revenue,0,0,0,
July 2016 - June 2017,4106 Discounts,"-1,680.00","-2,332.00",652,72.04%
July 2016 - June 2017,4107 Scholarships,"-21,504.08","-21,735.00",230.92,98.94%
July 2016 - June 2017,AM Tuition Billings (deleted),"302,610.75","303,160.00",-549.25,99.82%
July 2016 - June 2017,Board Credits (deleted),"-2,915.00","-2,915.00",0,100.00%
July 2016 - June 2017,Contingency (deleted),0,"-9,541.67","9,541.67",0.00%
July 2016 - June 2017,Spring Break Care (deleted),"3,196.03","1,636.05","1,559.98",195.35%
July 2016 - June 2017,Summer Drop-in Care (deleted),"4,578.75","1,686.42","2,892.33",271.51%
July 2016 - June 2017,Summer Surcharge (deleted),"1,813.65",0,"1,813.65",
July 2016 - June 2017,Summer Tuition (deleted),"42,470.00","43,155.00",-685,98.41%
July 2016 - June 2017,Winter Break Care (deleted),"2,001.00","1,644.44",356.56,121.68%
July 2016 - June 2017,Total 4105 Tuition Revenue,"$330,571.10","$314,758.24","$15,812.86",105.02%
July 2016 - June 2017,4110 Fees,0,0,0,
July 2016 - June 2017,Earthquake Fees (deleted),520,520,0,100.00%
July 2016 - June 2017,Late Fees - Afternoon (deleted),680,0,680,
July 2016 - June 2017,Materials Fee (deleted),"9,043.13","9,100.00",-56.87,99.38%
July 2016 - June 2017,Other Fees (deleted),"4,254.00",700,"3,554.00",607.71%
July 2016 - June 2017,Registration Fees (deleted),"2,850.00","2,000.00",850,142.50%
July 2016 - June 2017,Total 4110 Fees,"$17,347.13","$12,320.00","$5,027.13",140.80%
July 2016 - June 2017,4115 Contract Care,"4,456.75",0,"4,456.75",
July 2016 - June 2017,AM Contract Care (deleted),"4,643.65","5,067.56",-423.91,91.63%
July 2016 - June 2017,Drop-in Care (deleted),"5,610.99","8,119.80","-2,508.81",69.10%
July 2016 - June 2017,PM 1 Contract Care (deleted),"87,233.29","82,222.00","5,011.29",106.09%
July 2016 - June 2017,PM 2 Contract Care (deleted),"27,329.95","23,659.80","3,670.15",115.51%
July 2016 - June 2017,Summer PM 1 Contract Care (deleted),"16,461.00","16,780.00",-319,98.10%
July 2016 - June 2017,Summer PM 2 Contract Care (deleted),"4,345.00","4,614.50",-269.5,94.16%
July 2016 - June 2017,Total 4115 Contract Care,"$150,080.63","$140,463.66","$9,616.97",106.85%
July 2016 - June 2017,4125 Investment Income,161.27,0,161.27,
July 2016 - June 2017,4130 Other Income,"1,117.12",0,"1,117.12",
July 2016 - June 2017,Front Yard Play Space (deleted),"3,662.00",0,"3,662.00",
July 2016 - June 2017,General (deleted),"2,527.00",600,"1,927.00",421.17%
July 2016 - June 2017,Merchandise Sales (deleted),420.15,0,420.15,
July 2016 - June 2017,On-Line Store Sales (deleted),"1,042.50",0,"1,042.50",
July 2016 - June 2017,Total 4100 Earned Revenue,"$506,928.90","$468,141.90","$38,787.00",108.29%
July 2016 - June 2017,Donations (deleted),0,0,0,
July 2016 - June 2017,General Fund (deleted),0,0,0,
July 2016 - June 2017,Total Donations (deleted),$0.00,$0.00,$0.00,
July 2016 - June 2017,Fundraising,0,0,0,
July 2016 - June 2017,eScrip/iGive Income (deleted),0,0,0,
July 2016 - June 2017,Total Fundraising,$0.00,$0.00,$0.00,
July 2016 - June 2017,Total Income,"$527,955.44","$488,541.90","$39,413.54",108.07%
July 2016 - June 2017,Cost of Goods Sold,,,,
July 2016 - June 2017,4500 Cost of Goods Sold,647.73,0,647.73,
July 2016 - June 2017,Total Cost of Goods Sold,$647.73,$0.00,$647.73,
July 2016 - June 2017,Gross Profit,"$527,307.71","$488,541.90","$38,765.81",107.94%
July 2016 - June 2017,Expenses,,,,
July 2016 - June 2017,5000 Personnel,0,0,0,
July 2016 - June 2017,5005 Management Staff,"29,568.84","16,968.09","12,600.75",174.26%
July 2016 - June 2017,5010 Teachers,"312,162.47","301,174.75","10,987.72",103.65%
July 2016 - June 2017,5015 Substitute Teachers,"12,823.14","9,500.00","3,323.14",134.98%
July 2016 - June 2017,5020 Payroll Taxes,"28,988.54","29,352.86",-364.32,98.76%
July 2016 - June 2017,5025 Health and Other Benefits,0,0,0,
July 2016 - June 2017,5026 Benefits Opt-Out,"6,313.00","6,782.80",-469.8,93.07%
July 2016 - June 2017,5027 Employee Contributions,"-9,574.76","-8,580.00",-994.76,111.59%
July 2016 - June 2017,5028 Health Benefits,"47,059.10","41,068.58","5,990.52",114.59%
July 2016 - June 2017,Vacation Buyback (deleted),"4,346.45",0,"4,346.45",
July 2016 - June 2017,Total 5028 Health Benefits,"$51,405.55","$41,068.58","$10,336.97",125.17%
July 2016 - June 2017,Total 5025 Health and Other Benefits,"$48,143.79","$39,271.38","$8,872.41",122.59%
July 2016 - June 2017,5030 Workers Comp Insurance,"14,543.00","14,900.00",-357,97.60%
July 2016 - June 2017,5035 Payroll Service Fees,"3,103.45","3,000.00",103.45,103.45%
July 2016 - June 2017,5040 Professional Development,"1,108.66","3,000.00","-1,891.34",36.96%
July 2016 - June 2017,5045 Vacation Expense,"7,075.41",0,"7,075.41",
July 2016 - June 2017,BY Sub (deleted),0,"1,300.00","-1,300.00",0.00%
July 2016 - June 2017,EEF Bonuses (deleted),"2,380.49",0,"2,380.49",
July 2016 - June 2017,FY Sub (deleted),0,"1,300.00","-1,300.00",0.00%
July 2016 - June 2017,Total 5000 Personnel,"$459,897.79","$419,767.08","$40,130.71",109.56%
July 2016 - June 2017,6000 Program,0,0,0,
July 2016 - June 2017,6005 Classroom Supplies,"9,238.32","9,050.00",188.32,102.08%
July 2016 - June 2017,6010 Food Allowance,"2,314.70","2,500.00",-185.3,92.59%
July 2016 - June 2017,6015 Enrichment Programs,0,"3,605.00","-3,605.00",0.00%
July 2016 - June 2017,6020 Yard Meetings,528.14,600,-71.86,88.02%
July 2016 - June 2017,6025 Diversity,316.49,500,-183.51,63.30%
July 2016 - June 2017,Total 6000 Program,"$12,397.65","$16,255.00","-$3,857.35",76.27%
July 2016 - June 2017,7000 Professional Fees,0,0,0,
July 2016 - June 2017,7005 Accounting,"13,500.00","13,500.00",0,100.00%
July 2016 - June 2017,Total 7000 Professional Fees,"$13,500.00","$13,500.00",$0.00,100.00%
July 2016 - June 2017,8000 Operations,0,0,0,
July 2016 - June 2017,8005 Utilities and Building Services,"9,102.96","8,500.00",602.96,107.09%
July 2016 - June 2017,8010 Janitorial,"11,160.00","11,150.00",10,100.09%
July 2016 - June 2017,8015 Gardening,248.14,500,-251.86,49.63%
July 2016 - June 2017,8020 Building Maintenance and Repair,"5,868.57","4,800.00","1,068.57",122.26%
July 2016 - June 2017,8025 IT Services,65.94,0,65.94,
July 2016 - June 2017,8030 Office Supplies,"4,806.28","3,200.00","1,606.28",150.20%
July 2016 - June 2017,8035 Printing and Copying,982.36,"1,100.00",-117.64,89.31%
July 2016 - June 2017,8040 Postage and Shipping,64.96,60,4.96,108.27%
July 2016 - June 2017,8070 Fundraising and Meetings,319.6,"3,000.00","-2,680.40",10.65%
July 2016 - June 2017,Merchandise Purchases,"1,445.40","1,500.00",-54.6,96.36%
July 2016 - June 2017,Yearbooks,631.42,0,631.42,
July 2016 - June 2017,Total 8070 Fundraising and Meetings,"$2,396.42","$4,500.00","-$2,103.58",53.25%
July 2016 - June 2017,8075 Advertising,857.26,700,157.26,122.47%
July 2016 - June 2017,8080 Insurance,"5,762.31","5,800.00",-37.69,99.35%
July 2016 - June 2017,8085 Event Expenses,"2,500.97",0,"2,500.97",
July 2016 - June 2017,90th Anniversary Expenses (deleted),515.86,0,515.86,
July 2016 - June 2017,Total 8085 Event Expenses,"$3,016.83",$0.00,"$3,016.83",
July 2016 - June 2017,8090 Taxes and Fees,"2,127.51","1,250.00",877.51,170.20%
July 2016 - June 2017,8095 Interest and Bank Charges,105.12,100,5.12,105.12%
July 2016 - June 2017,8105 Board Discretionary,"1,585.93","3,000.00","-1,414.07",52.86%
July 2016 - June 2017,8115 Misc Expenses,954.97,"1,000.00",-45.03,95.50%
July 2016 - June 2017,8120 Uncollectible Accounts,220.49,0,220.49,
July 2016 - June 2017,Total 8000 Operations,"$49,326.05","$45,660.00","$3,666.05",108.03%
July 2016 - June 2017,Total Expenses,"$535,121.49","$495,182.08","$39,939.41",108.07%
July 2016 - June 2017,Net Operating Income,"-$7,813.78","-$6,640.18","-$1,173.60",117.67%
July 2016 - June 2017,Other Expenses,,,,
July 2016 - June 2017,8110 Depreciation,"8,398.00",0,"8,398.00",
July 2016 - June 2017,Capital Expenses (deleted),0,0,0,
July 2016 - June 2017,Total Other Expenses,"$8,398.00",$0.00,"$8,398.00",
July 2016 - June 2017,Net Other Income,"-$8,398.00",$0.00,"-$8,398.00",
July 2016 - June 2017,Net Income,"-$16,211.78","-$6,640.18","-$9,571.60",244.15%
July 2017 - June 2018,Income,,,,
July 2017 - June 2018,4000 Contributed Revenue,0,0,0,
July 2017 - June 2018,4020 Individual Contributions,"4,334.98",0,"4,334.98",
July 2017 - June 2018,4030 Corporate Contributions,"4,065.73",0,"4,065.73",
July 2017 - June 2018,4040 Special Event Revenue,"23,622.16","2,000.00","21,622.16",1181.11%
July 2017 - June 2018,Auction & Raffle (deleted),0,"7,000.00","-7,000.00",0.00%
July 2017 - June 2018,Co-Branding Fundraisers (deleted),0,300,-300,0.00%
July 2017 - June 2018,Fall Fundraiser (Chinook) (deleted),0,"6,500.00","-6,500.00",0.00%
July 2017 - June 2018,Pledge Drive/Hop-a-thon (deleted),0,"4,000.00","-4,000.00",0.00%
July 2017 - June 2018,Spring Fundraiser (deleted),0,600,-600,0.00%
July 2017 - June 2018,Total 4040 Special Event Revenue,"$23,622.16","$20,400.00","$3,222.16",115.79%
July 2017 - June 2018,Total 4000 Contributed Revenue,"$32,022.87","$20,400.00","$11,622.87",156.97%
July 2017 - June 2018,4100 Earned Revenue,0,0,0,
July 2017 - June 2018,4105 Tuition Revenue,"373,430.30",0,"373,430.30",
July 2017 - June 2018,4106 Discounts,-141.3,0,-141.3,
July 2017 - June 2018,4107 Scholarships,"-23,828.40","-23,000.00",-828.4,103.60%
July 2017 - June 2018,AM Tuition Billings (deleted),0,"316,602.00","-316,602.00",0.00%
July 2017 - June 2018,Contingency (deleted),0,"-5,000.00","5,000.00",0.00%
July 2017 - June 2018,Spring Break Care (deleted),0,"5,482.00","-5,482.00",0.00%
July 2017 - June 2018,Summer Drop-in Care (deleted),0,"4,000.00","-4,000.00",0.00%
July 2017 - June 2018,Summer Tuition (deleted),0,"42,704.00","-42,704.00",0.00%
July 2017 - June 2018,Winter Break Care (deleted),0,"3,700.00","-3,700.00",0.00%
July 2017 - June 2018,Total 4105 Tuition Revenue,"$349,460.60","$344,488.00","$4,972.60",101.44%
July 2017 - June 2018,4110 Fees,"17,374.38",0,"17,374.38",
July 2017 - June 2018,Earthquake Fees (deleted),0,520,-520,0.00%
July 2017 - June 2018,Late Fees - Afternoon (deleted),0,200,-200,0.00%
July 2017 - June 2018,Materials Fee (deleted),0,"9,100.00","-9,100.00",0.00%
July 2017 - June 2018,Other Fees (deleted),0,"1,000.00","-1,000.00",0.00%
July 2017 - June 2018,Registration Fees (deleted),0,"3,900.00","-3,900.00",0.00%
July 2017 - June 2018,Total 4110 Fees,"$17,374.38","$14,720.00","$2,654.38",118.03%
July 2017 - June 2018,4115 Contract Care,"175,466.26",0,"175,466.26",
July 2017 - June 2018,AM Contract Care (deleted),0,"5,124.00","-5,124.00",0.00%
July 2017 - June 2018,AM Summer Contract Care (deleted),0,"1,168.00","-1,168.00",0.00%
July 2017 - June 2018,Drop-in Care (deleted),0,"5,500.00","-5,500.00",0.00%
July 2017 - June 2018,PM 1 Contract Care (deleted),0,"102,230.00","-102,230.00",0.00%
July 2017 - June 2018,PM 2 Contract Care (deleted),0,"33,479.00","-33,479.00",0.00%
July 2017 - June 2018,Summer PM 1 Contract Care (deleted),0,"18,346.00","-18,346.00",0.00%
July 2017 - June 2018,Summer PM 2 Contract Care (deleted),0,"3,209.00","-3,209.00",0.00%
July 2017 - June 2018,Total 4115 Contract Care,"$175,466.26","$169,056.00","$6,410.26",103.79%
July 2017 - June 2018,4120 Sales Revenue,"1,571.86",0,"1,571.86",
July 2017 - June 2018,4125 Investment Income,218.44,"1,000.00",-781.56,21.84%
July 2017 - June 2018,4130 Other Income,492,0,492,
July 2017 - June 2018,General (deleted),0,600,-600,0.00%
July 2017 - June 2018,Total 4100 Earned Revenue,"$544,583.54","$529,864.00","$14,719.54",102.78%
July 2017 - June 2018,Total Income,"$576,606.41","$550,264.00","$26,342.41",104.79%
July 2017 - June 2018,Cost of Goods Sold,,,,
July 2017 - June 2018,4500 Cost of Goods Sold,"1,467.30",0,"1,467.30",
July 2017 - June 2018,Total Cost of Goods Sold,"$1,467.30",$0.00,"$1,467.30",
July 2017 - June 2018,Gross Profit,"$575,139.11","$550,264.00","$24,875.11",104.52%
July 2017 - June 2018,Expenses,,,,
July 2017 - June 2018,5000 Personnel,0,0,0,
July 2017 - June 2018,5005 Management Staff,"38,826.08","34,946.00","3,880.08",111.10%
July 2017 - June 2018,5010 Teachers,"351,547.35","285,609.00","65,938.35",123.09%
July 2017 - June 2018,5015 Substitute Teachers,"12,534.38","14,500.00","-1,965.62",86.44%
July 2017 - June 2018,5020 Payroll Taxes,"32,174.64","28,298.00","3,876.64",113.70%
July 2017 - June 2018,5025 Health and Other Benefits,0,0,0,
July 2017 - June 2018,5026 Benefits Opt-Out,"6,663.54","6,459.00",204.54,103.17%
July 2017 - June 2018,5027 Employee Contributions,"-15,530.85","-10,456.00","-5,074.85",148.54%
July 2017 - June 2018,5028 Health Benefits,"49,585.18","52,278.00","-2,692.82",94.85%
July 2017 - June 2018,5029 Pension Benefits,0,0,0,
July 2017 - June 2018,Total 5025 Health and Other Benefits,"$40,717.87","$48,281.00","-$7,563.13",84.34%
July 2017 - June 2018,5030 Workers Comp Insurance,"11,892.00","15,000.00","-3,108.00",79.28%
July 2017 - June 2018,5035 Payroll Service Fees,"3,291.15","3,077.00",214.15,106.96%
July 2017 - June 2018,5040 Professional Development,"1,393.99","2,000.00",-606.01,69.70%
July 2017 - June 2018,5045 Vacation Expense,"3,611.06","10,501.00","-6,889.94",34.39%
July 2017 - June 2018,"Wages, Break Care (deleted)",0,"18,671.00","-18,671.00",0.00%
July 2017 - June 2018,Total 5000 Personnel,"$495,988.52","$460,883.00","$35,105.52",107.62%
July 2017 - June 2018,6000 Program,0,0,0,
July 2017 - June 2018,6005 Classroom Supplies,"10,363.17","10,400.00",-36.83,99.65%
July 2017 - June 2018,6010 Food Allowance,"2,617.52","2,500.00",117.52,104.70%
July 2017 - June 2018,6015 Enrichment Programs,"3,000.00","3,000.00",0,100.00%
July 2017 - June 2018,6020 Yard Meetings,186.36,600,-413.64,31.06%
July 2017 - June 2018,6025 Diversity,526.95,"1,000.00",-473.05,52.70%
July 2017 - June 2018,Total 6000 Program,"$16,694.00","$17,500.00",-$806.00,95.39%
July 2017 - June 2018,6450 Unfunded Vacation Liability,0,"-5,559.00","5,559.00",0.00%
July 2017 - June 2018,6900 Expense Contingency,0,"5,000.00","-5,000.00",0.00%
July 2017 - June 2018,7000 Professional Fees,0,0,0,
July 2017 - June 2018,7005 Accounting,"13,725.00","13,500.00",225,101.67%
July 2017 - June 2018,7015 Other Professional Fees,484,0,484,
July 2017 - June 2018,Total 7000 Professional Fees,"$14,209.00","$13,500.00",$709.00,105.25%
July 2017 - June 2018,8000 Operations,0,0,0,
July 2017 - June 2018,8005 Utilities and Building Services,"10,488.88","9,900.00",588.88,105.95%
July 2017 - June 2018,8010 Janitorial,"11,160.00","11,160.00",0,100.00%
July 2017 - June 2018,8015 Gardening,399.02,300,99.02,133.01%
July 2017 - June 2018,8020 Building Maintenance and Repair,"8,660.99","4,500.00","4,160.99",192.47%
July 2017 - June 2018,8025 IT Services,9.06,0,9.06,
July 2017 - June 2018,8030 Office Supplies,"6,579.64","5,020.00","1,559.64",131.07%
July 2017 - June 2018,8035 Printing and Copying,"1,300.45","1,300.00",0.45,100.03%
July 2017 - June 2018,8040 Postage and Shipping,27.84,60,-32.16,46.40%
July 2017 - June 2018,8050 Furniture and Equipment,474.54,0,474.54,
July 2017 - June 2018,8070 Fundraising and Meetings,465.45,400,65.45,116.36%
July 2017 - June 2018,Merchandise Purchases,0,"1,500.00","-1,500.00",0.00%
July 2017 - June 2018,Total 8070 Fundraising and Meetings,$465.45,"$1,900.00","-$1,434.55",24.50%
July 2017 - June 2018,8075 Advertising,253.98,"1,000.00",-746.02,25.40%
July 2017 - June 2018,8080 Insurance,"6,072.28","5,900.00",172.28,102.92%
July 2017 - June 2018,8085 Event Expenses,"1,629.92","2,600.00",-970.08,62.69%
July 2017 - June 2018,8090 Taxes and Fees,940.04,"1,200.00",-259.96,78.34%
July 2017 - June 2018,8095 Interest and Bank Charges,33.53,100,-66.47,33.53%
July 2017 - June 2018,8105 Board Discretionary,"2,240.53","3,000.00",-759.47,74.68%
July 2017 - June 2018,8115 Misc Expenses,392.66,"1,000.00",-607.34,39.27%
July 2017 - June 2018,Total 8000 Operations,"$51,128.81","$48,940.00","$2,188.81",104.47%
July 2017 - June 2018,Total Expenses,"$578,020.33","$540,264.00","$37,756.33",106.99%
July 2017 - June 2018,Net Operating Income,"-$2,881.22","$10,000.00","-$12,881.22",-28.81%
July 2017 - June 2018,Other Income,,,,
July 2017 - June 2018,11000 Restricted Funds Awarded,"3,000.00",0,"3,000.00",
July 2017 - June 2018,11500 Restricted Funds Released,"-3,000.00",0,"-3,000.00",
July 2017 - June 2018,12000 In-Kind Revenue,"12,311.00",0,"12,311.00",
July 2017 - June 2018,4135 Unrealized Gain/Loss,"3,385.46",0,"3,385.46",
July 2017 - June 2018,Total Other Income,"$15,696.46",$0.00,"$15,696.46",
July 2017 - June 2018,Other Expenses,,,,
July 2017 - June 2018,12500 In-Kind Expense,"12,311.00",0,"12,311.00",
July 2017 - June 2018,8110 Depreciation,"21,068.04",0,"21,068.04",
July 2017 - June 2018,Capital Expenses (deleted),0,"10,000.00","-10,000.00",0.00%
July 2017 - June 2018,Other Expense (deleted),0,0,0,
July 2017 - June 2018,Total Other Expenses,"$33,379.04","$10,000.00","$23,379.04",333.79%
July 2017 - June 2018,Net Other Income,"-$17,682.58","-$10,000.00","-$7,682.58",176.83%
July 2017 - June 2018,Net Income,"-$20,563.80",$0.00,"-$20,563.80",-35328339392593800.00%
2018-2019?,Income,,,,
2018-2019?,4000 Contributed Revenue,0,0,0,
2018-2019?,4020 Individual Contributions,"1,795.00",0,"1,795.00",
2018-2019?,4030 Corporate Contributions,464.13,0,464.13,
2018-2019?,4040 Special Event Revenue,"23,029.79","19,000.00","4,029.79",121.21%
2018-2019?,Total 4000 Contributed Revenue,"$25,288.92","$19,000.00","$6,288.92",133.10%
2018-2019?,4100 Earned Revenue,0,0,0,
2018-2019?,4105 Tuition Revenue,"393,245.40","411,047.00","-17,801.60",95.67%
2018-2019?,4106 Discounts,"-2,055.15","-1,941.00",-114.15,105.88%
2018-2019?,4107 Scholarships,"-17,728.00","-24,197.00","6,469.00",73.27%
2018-2019?,Total 4105 Tuition Revenue,"$373,462.25","$384,909.00","-$11,446.75",97.03%
2018-2019?,4110 Fees,"21,287.30","14,720.00","6,567.30",144.61%
2018-2019?,4115 Contract Care,"170,593.53","166,107.00","4,486.53",102.70%
2018-2019?,4120 Sales Revenue,518.01,0,518.01,
2018-2019?,4125 Investment Income,"3,136.15","1,500.00","1,636.15",209.08%
2018-2019?,Total 4100 Earned Revenue,"$568,997.24","$567,236.00","$1,761.24",100.31%
2018-2019?,Total Income,"$594,286.16","$586,236.00","$8,050.16",101.37%
2018-2019?,Gross Profit,"$594,286.16","$586,236.00","$8,050.16",101.37%
2018-2019?,Expenses,,,,
2018-2019?,5000 Personnel,0,0,0,
2018-2019?,5005 Management Staff,"43,246.86","44,000.00",-753.14,98.29%
2018-2019?,5010 Teachers,"360,018.23","329,249.00","30,769.23",109.35%
2018-2019?,Overtime Wages,"1,009.69",0,"1,009.69",
2018-2019?,Total 5010 Teachers,"$361,027.92","$329,249.00","$31,778.92",109.65%
2018-2019?,5015 Substitute Teachers,0,"15,000.00","-15,000.00",0.00%
2018-2019?,5020 Payroll Taxes,"32,399.89","31,059.92","1,339.97",104.31%
2018-2019?,5025 Health and Other Benefits,0,0,0,
2018-2019?,5026 Benefits Opt-Out,"8,487.98",0,"8,487.98",
2018-2019?,5027 Employee Contributions,"-9,255.49",0,"-9,255.49",
2018-2019?,5028 Health Benefits,"45,504.33","48,281.00","-2,776.67",94.25%
2018-2019?,5029 Pension Benefits,0,0,0,
2018-2019?,Total 5025 Health and Other Benefits,"$44,736.82","$48,281.00","-$3,544.18",92.66%
2018-2019?,5030 Workers Comp Insurance,"13,648.34","15,000.00","-1,351.66",90.99%
2018-2019?,5035 Payroll Service Fees,"3,299.94","3,160.00",139.94,104.43%
2018-2019?,5040 Professional Development,"2,181.60","2,000.00",181.6,109.08%
2018-2019?,5045 Vacation Expense,"-7,368.89","11,000.00","-18,368.89",-66.99%
2018-2019?,Total 5000 Personnel,"$493,172.48","$498,749.92","-$5,577.44",98.88%
2018-2019?,6000 Program,0,0,0,
2018-2019?,6005 Classroom Supplies,"9,853.05","12,390.00","-2,536.95",79.52%
2018-2019?,6010 Food Allowance,"3,854.39","2,500.00","1,354.39",154.18%
2018-2019?,6015 Enrichment Programs,"2,250.00","3,000.00",-750,75.00%
2018-2019?,6020 Yard Meetings,488.23,600,-111.77,81.37%
2018-2019?,6025 Diversity,750,"1,000.00",-250,75.00%
2018-2019?,Total 6000 Program,"$17,195.67","$19,490.00","-$2,294.33",88.23%
2018-2019?,7000 Professional Fees,0,0,0,
2018-2019?,7005 Accounting,"9,559.41","8,700.00",859.41,109.88%
2018-2019?,7015 Other Professional Fees,"2,988.00",500,"2,488.00",597.60%
2018-2019?,Total 7000 Professional Fees,"$12,547.41","$9,200.00","$3,347.41",136.38%
2018-2019?,8000 Operations,0,0,0,
2018-2019?,8005 Utilities and Building Services,"12,167.27","8,400.00","3,767.27",144.85%
2018-2019?,8010 Janitorial,"11,160.00","11,160.00",0,100.00%
2018-2019?,8015 Gardening,476.83,300,176.83,158.94%
2018-2019?,8020 Building Maintenance and Repair,"4,050.14","4,500.00",-449.86,90.00%
2018-2019?,8025 IT Services,767.03,"1,500.00",-732.97,51.14%
2018-2019?,8030 Office Supplies,"2,214.72","4,000.04","-1,785.32",55.37%
2018-2019?,8035 Printing and Copying,"1,517.20","1,099.99",417.21,137.93%
2018-2019?,8040 Postage and Shipping,254.49,50.01,204.48,508.88%
2018-2019?,8050 Furniture and Equipment,911.68,0,911.68,
2018-2019?,8055 Dues and Memberships,150,"1,200.00","-1,050.00",12.50%
2018-2019?,8065 Meals,253.83,0,253.83,
2018-2019?,8070 Fundraising and Meetings,0,0,0,
2018-2019?,Merchandise Purchases,"1,607.80",0,"1,607.80",
2018-2019?,Total 8070 Fundraising and Meetings,"$1,607.80",$0.00,"$1,607.80",
2018-2019?,8075 Advertising,525,500.01,24.99,105.00%
2018-2019?,8080 Insurance,"2,918.79","5,899.98","-2,981.19",49.47%
2018-2019?,8085 Event Expenses,"2,018.72","2,500.00",-481.28,80.75%
2018-2019?,8090 Taxes and Fees,"2,133.16",0,"2,133.16",
2018-2019?,8095 Interest and Bank Charges,-2.44,99.96,-102.4,-2.44%
2018-2019?,8105 Board Discretionary,"2,127.88","3,000.00",-872.12,70.93%
2018-2019?,8115 Misc Expenses,47.1,500,-452.9,9.42%
2018-2019?,Total 8000 Operations,"$45,299.20","$44,709.99",$589.21,101.32%
2018-2019?,Total Expenses,"$568,214.76","$572,149.91","-$3,935.15",99.31%
2018-2019?,Net Operating Income,"$26,071.40","$14,086.09","$11,985.31",185.09%
2018-2019?,Other Income,,,,
2018-2019?,12000 In-Kind Revenue,"10,663.00",0,"10,663.00",
2018-2019?,4135 Unrealized Gain/Loss,"1,210.81",0,"1,210.81",
2018-2019?,Total Other Income,"$11,873.81",$0.00,"$11,873.81",
2018-2019?,Other Expenses,,,,
2018-2019?,12500 In-Kind Expense,"10,663.00",0,"10,663.00",
2018-2019?,8110 Depreciation,"22,431.01",0,"22,431.01",
2018-2019?,Total Other Expenses,"$33,094.01",$0.00,"$33,094.01",
2018-2019?,Net Other Income,"-$21,220.20",$0.00,"-$21,220.20",
2018-2019?,Net Income,"$4,851.20","$14,086.09","-$9,234.89",34.44%
2019-2020,Income,,,,
2019-2020,4000 Contributed Revenue,0,0,0,
2019-2020,4020 Individual Contributions,"5,024.50",0,"5,024.50",
2019-2020,4030 Corporate Contributions,741.83,0,741.83,
2019-2020,4040 Special Event Revenue,"17,925.10","19,000.00","-1,074.90",94.34%
2019-2020,Total 4000 Contributed Revenue,"$23,691.43","$19,000.00","$4,691.43",124.69%
2019-2020,4100 Earned Revenue,0,0,0,
2019-2020,4105 Tuition Revenue,"406,196.00","414,580.00","-8,384.00",97.98%
2019-2020,4106 Discounts,"-14,650.44",0,"-14,650.44",
2019-2020,4107 Scholarships,"-24,301.00","-25,393.76","1,092.76",95.70%
2019-2020,Total 4105 Tuition Revenue,"$367,244.56","$389,186.24","-$21,941.68",94.36%
2019-2020,4110 Fees,"16,259.18","14,720.00","1,539.18",110.46%
2019-2020,4115 Contract Care,"99,098.84","164,036.50","-64,937.66",60.41%
2019-2020,4120 Sales Revenue,689.91,0,689.91,
2019-2020,4125 Investment Income,"1,646.01","1,500.00",146.01,109.73%
2019-2020,4130 Other Income,374.82,0,374.82,
2019-2020,Total 4100 Earned Revenue,"$485,313.32","$569,442.74","-$84,129.42",85.23%
2019-2020,Total Income,"$509,004.75","$588,442.74","-$79,437.99",86.50%
2019-2020,Gross Profit,"$509,004.75","$588,442.74","-$79,437.99",86.50%
2019-2020,Expenses,,,,
2019-2020,5000 Personnel,0,0,0,
2019-2020,5005 Management Staff,"50,243.57","41,000.00","9,243.57",122.55%
2019-2020,5010 Teachers,"337,334.28","328,353.00","8,981.28",102.74%
2019-2020,Overtime Wages,"1,921.02",0,"1,921.02",
2019-2020,Total 5010 Teachers,"$339,255.30","$328,353.00","$10,902.30",103.32%
2019-2020,5015 Substitute Teachers,0,"3,000.00","-3,000.00",0.00%
2019-2020,5020 Payroll Taxes,"31,421.13","29,788.24","1,632.89",105.48%
2019-2020,5025 Health and Other Benefits,0,"1,693.12","-1,693.12",0.00%
2019-2020,5026 Benefits Opt-Out,"10,157.68",0,"10,157.68",
2019-2020,5027 Employee Contributions,"-7,855.47",0,"-7,855.47",
2019-2020,5028 Health Benefits,"37,610.88","46,306.89","-8,696.01",81.22%
2019-2020,Total 5025 Health and Other Benefits,"$39,913.09","$48,000.01","-$8,086.92",83.15%
2019-2020,5030 Workers Comp Insurance,"13,818.32","17,000.01","-3,181.69",81.28%
2019-2020,5035 Payroll Service Fees,"3,328.21","3,259.99",68.22,102.09%
2019-2020,5040 Professional Development,"1,053.10","2,000.00",-946.9,52.66%
2019-2020,5045 Vacation Expense,"-5,108.54","29,226.68","-34,335.22",-17.48%
2019-2020,Total 5000 Personnel,"$473,924.18","$501,627.93","-$27,703.75",94.48%
2019-2020,6000 Program,0,0,0,
2019-2020,6005 Classroom Supplies,"7,501.18","12,390.00","-4,888.82",60.54%
2019-2020,6010 Food Allowance,"2,672.09","2,500.00",172.09,106.88%
2019-2020,6015 Enrichment Programs,450,"3,000.00","-2,550.00",15.00%
2019-2020,6020 Yard Meetings,117.46,600,-482.54,19.58%
2019-2020,6025 Diversity,706.23,"1,000.00",-293.77,70.62%
2019-2020,Total 6000 Program,"$11,446.96","$19,490.00","-$8,043.04",58.73%
2019-2020,7000 Professional Fees,0,0,0,
2019-2020,7005 Accounting,"7,168.97","8,700.00","-1,531.03",82.40%
2019-2020,7015 Other Professional Fees,"2,009.00",500,"1,509.00",401.80%
2019-2020,Total 7000 Professional Fees,"$9,177.97","$9,200.00",-$22.03,99.76%
2019-2020,8000 Operations,0,0,0,
2019-2020,8005 Utilities and Building Services,"8,814.96","9,300.00",-485.04,94.78%
2019-2020,8010 Janitorial,"9,870.00","11,160.00","-1,290.00",88.44%
2019-2020,8015 Gardening,381.2,300,81.2,127.07%
2019-2020,8020 Building Maintenance and Repair,"4,824.69","4,500.00",324.69,107.22%
2019-2020,8025 IT Services,"1,406.00","1,500.00",-94,93.73%
2019-2020,8030 Office Supplies,"2,826.65","4,000.04","-1,173.39",70.67%
2019-2020,8035 Printing and Copying,"1,226.13","1,400.00",-173.87,87.58%
2019-2020,8040 Postage and Shipping,228.48,199.99,28.49,114.25%
2019-2020,8050 Furniture and Equipment,"1,877.64",0,"1,877.64",
2019-2020,8055 Dues and Memberships,150,0,150,
2019-2020,8061 Personnel Committee Expenses,834,0,834,
2019-2020,8065 Meals,120.56,0,120.56,
2019-2020,8070 Fundraising and Meetings,0,0,0,
2019-2020,Merchandise Purchases,"1,512.42",0,"1,512.42",
2019-2020,Yearbooks,190.11,0,190.11,
2019-2020,Total 8070 Fundraising and Meetings,"$1,702.53",$0.00,"$1,702.53",
2019-2020,8075 Advertising,439.14,750,-310.86,58.55%
2019-2020,8080 Insurance,"5,884.83","5,900.00",-15.17,99.74%
2019-2020,8085 Event Expenses,659.5,"2,500.00","-1,840.50",26.38%
2019-2020,8090 Taxes and Fees,"1,100.24",0,"1,100.24",
2019-2020,8095 Interest and Bank Charges,-10,99.96,-109.96,-10.00%
2019-2020,8105 Board Discretionary,126.2,"3,000.00","-2,873.80",4.21%
2019-2020,8115 Misc Expenses,26.21,500,-473.79,5.24%
2019-2020,Total 8000 Operations,"$42,488.96","$45,109.99","-$2,621.03",94.19%
2019-2020,Total Expenses,"$537,038.07","$575,427.92","-$38,389.85",93.33%
2019-2020,Net Operating Income,"-$28,033.32","$13,014.82","-$41,048.14",-215.40%
2019-2020,Other Income,,,,
2019-2020,4135 Unrealized Gain/Loss,"1,686.04",0,"1,686.04",
2019-2020,Total Other Income,"$1,686.04",$0.00,"$1,686.04",
2019-2020,Other Expenses,,,,
2019-2020,8110 Depreciation,"22,514.60",0,"22,514.60",
2019-2020,Total Other Expenses,"$22,514.60",$0.00,"$22,514.60",
2019-2020,Net Other Income,"-$20,828.56",$0.00,"-$20,828.56",
2019-2020,Net Income,"-$48,861.88","$13,014.82","-$61,876.70",-375.43%
2020-2021,Income,,,,
2020-2021,4000 Contributed Revenue,0,0,0,
2020-2021,4015 Government Grants,"15,000.00",0,"15,000.00",
2020-2021,4020 Individual Contributions,"54,951.15",0,"54,951.15",
2020-2021,4030 Corporate Contributions,"36,630.67",0,"36,630.67",
2020-2021,4040 Special Event Revenue,"26,039.47","18,000.00","8,039.47",144.66%
2020-2021,Total 4000 Contributed Revenue,"$132,621.29","$18,000.00","$114,621.29",736.78%
2020-2021,4100 Earned Revenue,0,0,0,
2020-2021,4105 Tuition Revenue,"210,652.00","351,560.00","-140,908.00",59.92%
2020-2021,4106 Discounts,"-1,113.00",0,"-1,113.00",
2020-2021,4107 Scholarships,"-14,169.50","-22,000.00","7,830.50",64.41%
2020-2021,Total 4105 Tuition Revenue,"$195,369.50","$329,560.00","-$134,190.50",59.28%
2020-2021,4110 Fees,"63,224.35","10,526.66","52,697.69",600.61%
2020-2021,4115 Contract Care,"89,985.80",0,"89,985.80",
2020-2021,4120 Sales Revenue,50,0,50,
2020-2021,4125 Investment Income,"2,138.34","1,500.00",638.34,142.56%
2020-2021,4130 Other Income,"3,725.00",0,"3,725.00",
2020-2021,Total 4100 Earned Revenue,"$354,492.99","$341,586.66","$12,906.33",103.78%
2020-2021,Total Income,"$487,114.28","$359,586.66","$127,527.62",135.47%
2020-2021,Gross Profit,"$487,114.28","$359,586.66","$127,527.62",135.47%
2020-2021,Expenses,,,,
2020-2021,5000 Personnel,0,0,0,
2020-2021,5005 Management Staff,"47,881.48","38,022.62","9,858.86",125.93%
2020-2021,5010 Teachers,"281,723.77","255,267.33","26,456.44",110.36%
2020-2021,5015 Substitute Teachers,366.61,"3,000.00","-2,633.39",12.22%
2020-2021,5020 Payroll Taxes,"18,862.00","23,703.20","-4,841.20",79.58%
2020-2021,5025 Health and Other Benefits,0,"52,200.00","-52,200.00",0.00%
2020-2021,5026 Benefits Opt-Out,"12,542.18",0,"12,542.18",
2020-2021,5027 Employee Contributions,"-7,149.63",0,"-7,149.63",
2020-2021,5028 Health Benefits,"32,611.44",0,"32,611.44",
2020-2021,Total 5025 Health and Other Benefits,"$38,003.99","$52,200.00","-$14,196.01",72.80%
2020-2021,5030 Workers Comp Insurance,"8,560.00","15,000.00","-6,440.00",57.07%
2020-2021,5035 Payroll Service Fees,"1,686.72","3,260.00","-1,573.28",51.74%
2020-2021,5040 Professional Development,0,"2,000.00","-2,000.00",0.00%
2020-2021,5045 Vacation Expense,"3,480.03","28,157.92","-24,677.89",12.36%
2020-2021,Total 5000 Personnel,"$400,564.60","$420,611.07","-$20,046.47",95.23%
2020-2021,6000 Program,0,0,0,
2020-2021,6005 Classroom Supplies,"7,396.67","10,390.00","-2,993.33",71.19%
2020-2021,6010 Food Allowance,0,800,-800,0.00%
2020-2021,Total 6000 Program,"$7,396.67","$11,190.00","-$3,793.33",66.10%
2020-2021,6116 Durable Educational Equipment,"18,287.52",0,"18,287.52",
2020-2021,7000 Professional Fees,0,0,0,
2020-2021,7005 Accounting,"6,000.00","7,500.00","-1,500.00",80.00%
2020-2021,7015 Other Professional Fees,"2,560.00",500,"2,060.00",512.00%
2020-2021,Total 7000 Professional Fees,"$8,560.00","$8,000.00",$560.00,107.00%
2020-2021,8000 Operations,0,0,0,
2020-2021,8005 Utilities and Building Services,"7,812.42","9,300.00","-1,487.58",84.00%
2020-2021,8010 Janitorial,"10,730.00","11,160.00",-430,96.15%
2020-2021,8015 Gardening,285.83,300,-14.17,95.28%
2020-2021,8020 Building Maintenance and Repair,"1,761.50","4,000.00","-2,238.50",44.04%
2020-2021,8025 IT Services,"1,863.22","1,500.00",363.22,124.21%
2020-2021,8030 Office Supplies,"1,693.49","4,000.00","-2,306.51",42.34%
2020-2021,8035 Printing and Copying,613.71,"1,400.00",-786.29,43.84%
2020-2021,8040 Postage and Shipping,137.99,200,-62.01,69.00%
2020-2021,8050 Furniture and Equipment,177.25,0,177.25,
2020-2021,8055 Dues and Memberships,150,0,150,
2020-2021,8065 Meals,180.99,0,180.99,
2020-2021,8070 Fundraising and Meetings,0,0,0,
2020-2021,Merchandise Purchases,112.3,0,112.3,
2020-2021,Yearbooks,114.32,0,114.32,
2020-2021,Total 8070 Fundraising and Meetings,$226.62,$0.00,$226.62,
2020-2021,8075 Advertising,319.29,750,-430.71,42.57%
2020-2021,8080 Insurance,"5,643.52","5,900.00",-256.48,95.65%
2020-2021,8085 Event Expenses,0,"2,500.00","-2,500.00",0.00%
2020-2021,8090 Taxes and Fees,"2,414.30",0,"2,414.30",
2020-2021,8095 Interest and Bank Charges,33.03,100,-66.97,33.03%
2020-2021,8105 Board Discretionary,0,"2,000.00","-2,000.00",0.00%
2020-2021,8115 Misc Expenses,"1,935.78",500,"1,435.78",387.16%
2020-2021,Total 8000 Operations,"$35,978.94","$43,610.00","-$7,631.06",82.50%
2020-2021,QuickBooks Payments Fees,20.75,0,20.75,
2020-2021,Total Expenses,"$470,808.48","$483,411.07","-$12,602.59",97.39%
2020-2021,Net Operating Income,"$16,305.80","-$123,824.41","$140,130.21",-13.17%
2020-2021,Other Income,,,,
2020-2021,11000 Restricted Funds Awarded,"23,018.13",0,"23,018.13",
2020-2021,11500 Restricted Funds Released,"-23,018.13",0,"-23,018.13",
2020-2021,4135 Unrealized Gain/Loss,"16,272.75",0,"16,272.75",
2020-2021,8101 Extinguishment of Debt,"88,115.00",0,"88,115.00",
2020-2021,Total Other Income,"$104,387.75",$0.00,"$104,387.75",
2020-2021,Other Expenses,,,,
2020-2021,8110 Depreciation,"22,515.00",0,"22,515.00",
2020-2021,Total Other Expenses,"$22,515.00",$0.00,"$22,515.00",
2020-2021,Net Other Income,"$81,872.75",$0.00,"$81,872.75",
2020-2021,Net Income,"$98,178.55","-$123,824.41","$222,002.96",-79.29%
2021-2022,Income,,,,
2021-2022,4000 Contributed Revenue,$0.00,$0.00,$0.00,
2021-2022,4015 Government Grants,"$102,997.48",$0.00,"$102,997.48",
2021-2022,4020 Individual Contributions,"$3,776.16",$0.00,"$3,776.16",
2021-2022,4030 Corporate Contributions,"$4,843.86",$0.00,"$4,843.86",
2021-2022,4040 Special Event Revenue,"$27,752.08","$20,000.00","$7,752.08",138.76%
2021-2022,Total 4000 Contributed Revenue,"$139,369.58","$20,000.00","$119,369.58",696.85%
2021-2022,4100 Earned Revenue,$0.00,$0.00,$0.00,
2021-2022,4105 Tuition Revenue,"$387,519.00","$394,700.00","-$7,181.00",98.18%
2021-2022,4107 Scholarships,"-$10,849.50","-$23,000.00","$12,150.50",47.17%
2021-2022,Total 4105 Tuition Revenue,"$376,669.50","$371,700.00","$4,969.50",101.34%
2021-2022,4110 Fees,"$20,703.00","$14,600.00","$6,103.00",141.80%
2021-2022,4115 Contract Care,"$192,969.30","$188,651.00","$4,318.30",102.29%
2021-2022,4125 Investment Income,"$1,689.90","$1,500.00",$189.90,112.66%
2021-2022,Total 4100 Earned Revenue,"$592,031.70","$576,451.00","$15,580.70",102.70%
2021-2022,Total Income,"$731,401.28","$596,451.00","$134,950.28",122.63%
2021-2022,Gross Profit,"$731,401.28","$596,451.00","$134,950.28",122.63%
2021-2022,Expenses,,,,
2021-2022,5000 Personnel,$0.00,$0.00,$0.00,
2021-2022,5005 Management Staff,"$58,209.25","$46,541.14","$11,668.11",125.07%
2021-2022,5010 Teachers,"$365,764.86","$325,497.92","$40,266.94",112.37%
2021-2022,5015 Substitute Teachers,$149.08,"$3,000.00","-$2,850.92",4.97%
2021-2022,5020 Payroll Taxes,"$34,577.70","$30,003.12","$4,574.58",115.25%
2021-2022,5025 Health and Other Benefits,$0.00,"$49,600.00","-$49,600.00",0.00%
2021-2022,5026 Benefits Opt-Out,"$14,848.40",$0.00,"$14,848.40",
2021-2022,5027 Employee Contributions,"-$6,203.22",$0.00,"-$6,203.22",
2021-2022,5028 Health Benefits,"$39,967.23",$0.00,"$39,967.23",
2021-2022,Total 5025 Health and Other Benefits,"$48,612.41","$49,600.00",-$987.59,98.01%
2021-2022,5030 Workers Comp Insurance,"$9,058.00","$13,360.00","-$4,302.00",67.80%
2021-2022,5035 Payroll Service Fees,"$2,088.00","$2,004.00",$84.00,104.19%
2021-2022,5040 Professional Development,$0.00,"$2,000.00","-$2,000.00",0.00%
2021-2022,5045 Vacation Expense,-$571.94,"$32,976.63","-$33,548.57",-1.73%
2021-2022,Total 5000 Personnel,"$517,887.36","$504,982.81","$12,904.55",102.56%
2021-2022,6000 Program,$0.00,$0.00,$0.00,
2021-2022,6005 Classroom Supplies,"$9,759.93","$11,500.00","-$1,740.07",84.87%
2021-2022,6010 Food Allowance,$3.29,"$2,500.00","-$2,496.71",0.13%
2021-2022,6015 Enrichment Programs,$0.00,"$3,000.00","-$3,000.00",0.00%
2021-2022,6020 Yard Meetings,$0.00,$600.00,-$600.00,0.00%
2021-2022,6025 Diversity,"$2,679.16","$1,000.00","$1,679.16",267.92%
2021-2022,Total 6000 Program,"$12,442.38","$18,600.00","-$6,157.62",66.89%
2021-2022,6116 Durable Educational Equipment,"$5,972.74",$0.00,"$5,972.74",
2021-2022,7000 Professional Fees,$0.00,$0.00,$0.00,
2021-2022,7005 Accounting,"$6,000.00","$7,500.00","-$1,500.00",80.00%
2021-2022,7015 Other Professional Fees,"$2,828.00",$500.00,"$2,328.00",565.60%
2021-2022,Total 7000 Professional Fees,"$8,828.00","$8,000.00",$828.00,110.35%
2021-2022,8000 Operations,$0.00,$0.00,$0.00,
2021-2022,8005 Utilities and Building Services,"$8,094.84","$9,300.00","-$1,205.16",87.04%
2021-2022,8010 Janitorial,"$11,580.00","$11,160.00",$420.00,103.76%
2021-2022,8015 Gardening,$445.98,$300.00,$145.98,148.66%
2021-2022,8020 Building Maintenance and Repair,"$4,353.86","$4,500.00",-$146.14,96.75%
2021-2022,8025 IT Services,"$1,775.21","$3,360.00","-$1,584.79",52.83%
2021-2022,8030 Office Supplies,"$3,321.50","$4,000.00",-$678.50,83.04%
2021-2022,8035 Printing and Copying,$494.24,"$1,400.00",-$905.76,35.30%
2021-2022,8040 Postage and Shipping,$58.15,$200.00,-$141.85,29.08%
2021-2022,8050 Furniture and Equipment,$396.40,$0.00,$396.40,
2021-2022,8055 Dues and Memberships,$150.00,$0.00,$150.00,
2021-2022,8065 Meals,$368.31,$0.00,$368.31,
2021-2022,8070 Fundraising and Meetings,$0.00,$0.00,$0.00,
2021-2022,Yearbooks,$83.14,$0.00,$83.14,
2021-2022,Total 8070 Fundraising and Meetings,$83.14,$0.00,$83.14,
2021-2022,8075 Advertising,$503.86,$750.00,-$246.14,67.18%
2021-2022,8080 Insurance,"$6,059.73","$5,900.00",$159.73,102.71%
2021-2022,8085 Event Expenses,$0.00,"$1,500.00","-$1,500.00",0.00%
2021-2022,8090 Taxes and Fees,"$1,198.04",$0.00,"$1,198.04",
2021-2022,8095 Interest and Bank Charges,$756.10,$100.00,$656.10,756.10%
2021-2022,8100 Board Expenses,$0.00,"$1,200.00","-$1,200.00",0.00%
2021-2022,8115 Misc Expenses,"$2,500.58",$500.00,"$2,000.58",500.12%
2021-2022,Total 8000 Operations,"$42,139.94","$44,170.00","-$2,030.06",95.40%
2021-2022,QuickBooks Payments Fees,$2.76,$0.00,$2.76,
2021-2022,Total Expenses,"$587,273.18","$575,752.81","$11,520.37",102.00%
2021-2022,Net Operating Income,"$144,128.10","$20,698.19","$123,429.91",696.33%
2021-2022,Other Income,,,,
2021-2022,11000 Restricted Funds Awarded,"$6,300.50",$0.00,"$6,300.50",
2021-2022,4135 Unrealized Gain/Loss,"-$9,248.78",$0.00,"-$9,248.78",
2021-2022,8101 Extinguishment of Debt,"$91,432.50",$0.00,"$91,432.50",
2021-2022,8102 Tax Credit,$0.00,$0.00,$0.00,
2021-2022,Total Other Income,"$88,484.22",$0.00,"$88,484.22",
2021-2022,Other Expenses,,,,
2021-2022,8110 Depreciation,"$22,515.00",$0.00,"$22,515.00",
2021-2022,Total Other Expenses,"$22,515.00",$0.00,"$22,515.00",
2021-2022,Net Other Income,"$65,969.22",$0.00,"$65,969.22",
2021-2022,Net Income,"$210,097.32","$20,698.19","$189,399.13",1015.05%